cdate,cp,prediction,actual
2015-03-18,2099.500,0.141,0.000
2015-03-17,2074.280,0.131,1.216
2015-03-16,2081.190,0.517,-0.332
2015-03-13,2053.400,-0.147,1.353
2015-03-12,2065.950,-0.448,-0.607
2015-03-11,2040.240,0.015,1.260
2015-03-10,2044.160,0.009,-0.192
2015-03-09,2079.430,0.186,-1.696
2015-03-06,2071.260,0.164,0.394
2015-03-05,2101.040,0.191,-1.417
2015-03-04,2098.530,0.158,0.120
2015-03-03,2107.780,0.712,-0.439
2015-03-02,2117.390,0.739,-0.454
2015-02-27,2104.500,0.420,0.612
2015-02-26,2110.740,0.248,-0.296
2015-02-25,2113.860,0.087,-0.148
2015-02-24,2115.480,-0.472,-0.077
2015-02-23,2109.660,-0.386,0.276
2015-02-20,2110.300,-0.295,-0.030
2015-02-19,2097.450,-0.251,0.613
2015-02-18,2099.680,0.046,-0.106
2015-02-17,2100.340,0.083,-0.031
2015-02-13,2096.990,0.236,0.160
2015-02-12,2088.480,0.070,0.407
2015-02-11,2068.530,0.281,0.964
2015-02-10,2068.590,0.092,-0.003
2015-02-09,2046.740,0.067,1.068
2015-02-06,2055.470,0.117,-0.425
2015-02-05,2062.520,0.495,-0.342
2015-02-04,2041.510,0.013,1.029
2015-02-03,2050.030,0.062,-0.416
2015-02-02,2020.850,0.171,1.444
2015-01-30,1994.990,0.401,1.296
2015-01-29,2021.250,0.418,-1.299
2015-01-28,2002.160,0.230,0.953
2015-01-27,2029.550,-0.189,-1.350
2015-01-26,2057.090,0.023,-1.339
2015-01-23,2051.820,-0.112,0.257
2015-01-22,2063.150,0.103,-0.549
2015-01-21,2032.120,-0.141,1.527
2015-01-20,2022.550,-0.280,0.473
2015-01-16,2019.420,0.249,0.155
2015-01-15,1992.670,0.453,1.342
2015-01-14,2011.270,0.163,-0.925
2015-01-13,2023.030,0.580,-0.581
2015-01-12,2028.260,0.300,-0.258
2015-01-09,2044.810,0.081,-0.809
2015-01-08,2062.140,-0.146,-0.840
2015-01-07,2025.900,0.122,1.789
2015-01-06,2002.610,-0.009,1.163
2015-01-05,2020.580,0.058,-0.889
2015-01-02,2058.200,-0.397,-1.828
2014-12-31,2058.900,0.717,-0.034
2014-12-30,2080.350,0.169,-1.031
2014-12-29,2090.570,0.266,-0.489
2014-12-26,2088.770,0.061,0.086
2014-12-24,2081.880,-0.276,0.331
2014-12-23,2082.170,0.367,-0.014
2014-12-22,2078.540,0.155,0.175
2014-12-19,2070.650,0.175,0.381
2014-12-18,2061.230,0.093,0.457
2014-12-17,2012.890,0.268,2.402
2014-12-16,1972.740,0.105,2.035
2014-12-15,1989.630,0.106,-0.849
2014-12-12,2002.330,0.075,-0.634
2014-12-11,2035.330,0.121,-1.621
2014-12-10,2026.140,-0.188,0.454
2014-12-09,2059.820,0.065,-1.635
2014-12-08,2060.310,-0.155,-0.024
2014-12-05,2075.370,0.247,-0.726
2014-12-04,2071.920,0.041,0.167
2014-12-03,2074.330,-0.326,-0.116
2014-12-02,2066.550,-0.266,0.376
2014-12-01,2053.440,0.004,0.638
2014-11-28,2067.560,0.100,-0.683
2014-11-26,2072.830,-0.082,-0.254
2014-11-25,2067.030,0.163,0.281
2014-11-24,2069.410,0.104,-0.115
2014-11-21,2063.500,-0.035,0.286
2014-11-20,2052.750,-0.131,0.524
2014-11-19,2048.720,0.020,0.197
2014-11-18,2051.800,0.342,-0.150
2014-11-17,2041.320,0.629,0.513
2014-11-14,2039.820,0.583,0.074
2014-11-13,2039.330,0.212,0.024
2014-11-12,2038.250,0.528,0.053
2014-11-11,2039.680,0.235,-0.070
2014-11-10,2038.260,0.199,0.070
2014-11-07,2031.920,0.207,0.312
2014-11-06,2031.210,0.400,0.035
2014-11-05,2023.570,0.589,0.378
2014-11-04,2012.100,0.450,0.570
2014-11-03,2017.810,0.483,-0.283
2014-10-31,2018.050,0.072,-0.012
2014-10-30,1994.650,0.003,1.173
2014-10-29,1982.300,-0.155,0.623
2014-10-28,1985.050,-0.178,-0.139
2014-10-27,1961.630,0.230,1.194
2014-10-24,1964.580,-0.273,-0.150
2014-10-23,1950.820,-0.024,0.705
2014-10-22,1927.110,-0.096,1.230
2014-10-21,1941.280,0.217,-0.730
2014-10-20,1904.010,-0.337,1.957
2014-10-17,1886.760,-0.183,0.914
2014-10-16,1862.760,0.132,1.288
2014-10-15,1862.490,0.428,0.014
2014-10-14,1877.700,0.353,-0.810
2014-10-13,1874.740,-0.291,0.158
2014-10-10,1906.130,-0.027,-1.647
2014-10-09,1928.210,0.035,-1.145
2014-10-08,1968.890,-0.006,-2.066
2014-10-07,1935.100,-0.188,1.746
2014-10-06,1964.820,-0.046,-1.513
2014-10-03,1967.900,0.552,-0.157
2014-10-02,1946.170,0.669,1.117
2014-10-01,1946.160,0.104,0.001
2014-09-30,1972.290,0.679,-1.325
2014-09-29,1977.800,0.202,-0.279
2014-09-26,1982.850,0.054,-0.255
2014-09-25,1965.990,0.774,0.858
2014-09-24,1998.300,0.107,-1.617
2014-09-23,1982.770,0.225,0.783
2014-09-22,1994.290,-0.176,-0.578
2014-09-19,2010.400,-0.269,-0.801
2014-09-18,2011.360,-0.093,-0.048
2014-09-17,2001.570,0.041,0.489
2014-09-16,1998.980,0.608,0.130
2014-09-15,1984.130,-0.141,0.748
2014-09-12,1985.540,-0.329,-0.071
2014-09-11,1997.450,-0.111,-0.596
2014-09-10,1995.690,0.264,0.088
2014-09-09,1988.440,0.077,0.365
2014-09-08,2001.540,-0.549,-0.654
2014-09-05,2007.710,0.166,-0.307
2014-09-04,1997.650,0.431,0.504
2014-09-03,2000.720,0.352,-0.153
2014-09-02,2002.280,0.068,-0.078
2014-08-29,2003.370,0.026,-0.054
2014-08-28,1996.740,-0.010,0.332
2014-08-27,2000.120,0.342,-0.169
2014-08-26,2000.020,0.367,0.005
2014-08-25,1997.920,0.438,0.105
2014-08-22,1988.400,-0.567,0.479
2014-08-21,1992.370,-0.603,-0.199
2014-08-20,1986.510,-0.427,0.295
2014-08-19,1981.600,-0.214,0.248
2014-08-18,1971.740,0.034,0.500
2014-08-15,1955.060,0.237,0.853
2014-08-14,1955.180,-0.108,-0.006
2014-08-13,1946.720,-0.044,0.435
2014-08-12,1933.750,-0.372,0.671
2014-08-11,1936.920,-0.460,-0.164
2014-08-08,1931.590,-0.111,0.276
2014-08-07,1909.570,-0.117,1.153
2014-08-06,1920.240,0.102,-0.556
2014-08-05,1920.210,0.589,0.002
2014-08-04,1938.990,0.847,-0.969
2014-08-01,1925.150,0.260,0.719
2014-07-31,1930.670,0.088,-0.286
2014-07-30,1970.070,0.380,-2.000
2014-07-29,1969.950,0.376,0.006
2014-07-28,1978.910,0.276,-0.453
2014-07-25,1978.340,0.443,0.029
2014-07-24,1987.980,0.391,-0.485
2014-07-23,1987.010,-0.134,0.049
2014-07-22,1983.530,-0.302,0.175
2014-07-21,1973.630,0.228,0.502
2014-07-18,1978.220,0.177,-0.232
2014-07-17,1958.120,0.192,1.026
2014-07-16,1981.570,0.221,-1.183
2014-07-15,1973.280,0.293,0.420
2014-07-14,1977.100,0.072,-0.193
2014-07-11,1967.570,-0.099,0.484
2014-07-10,1964.680,-0.253,0.147
2014-07-09,1972.830,-0.579,-0.413
2014-07-08,1963.710,-0.522,0.464
2014-07-07,1977.650,-0.460,-0.705
2014-07-03,1985.440,-0.058,-0.392
2014-07-02,1974.620,-0.115,0.548
2014-07-01,1973.320,-0.001,0.066
2014-06-30,1960.230,-0.392,0.668
2014-06-27,1960.960,0.052,-0.037
2014-06-26,1957.220,0.322,0.191
2014-06-25,1959.530,0.083,-0.118
2014-06-24,1949.980,-0.070,0.490
2014-06-23,1962.610,-0.171,-0.644
2014-06-20,1962.870,-0.649,-0.013
2014-06-19,1959.480,-0.434,0.173
2014-06-18,1956.980,-0.240,0.128
2014-06-17,1941.990,0.215,0.772
2014-06-16,1937.780,0.418,0.217
2014-06-13,1936.160,0.135,0.084
2014-06-12,1930.110,-0.090,0.313
2014-06-11,1943.890,-0.438,-0.709
2014-06-10,1950.790,-0.592,-0.354
2014-06-09,1951.270,-0.391,-0.025
2014-06-06,1949.440,-0.004,0.094
2014-06-05,1940.460,-0.131,0.463
2014-06-04,1927.880,-0.120,0.653
2014-06-03,1924.240,-0.166,0.189
2014-06-02,1924.970,-0.197,-0.038
2014-05-30,1923.570,-0.248,0.073
2014-05-29,1920.030,-0.163,0.184
2014-05-28,1909.780,-0.447,0.537
2014-05-27,1911.910,-0.486,-0.111
2014-05-23,1900.530,0.279,0.599
2014-05-22,1892.490,0.325,0.425
2014-05-21,1888.030,0.138,0.236
2014-05-20,1872.830,0.609,0.812
2014-05-19,1885.080,0.523,-0.650
2014-05-16,1877.860,0.136,0.384
2014-05-15,1870.850,0.061,0.375
2014-05-14,1888.530,0.322,-0.936
2014-05-13,1897.450,-0.145,-0.470
2014-05-12,1896.650,0.039,0.042
2014-05-09,1878.480,-0.065,0.967
2014-05-08,1875.630,-0.324,0.152
2014-05-07,1878.210,-0.146,-0.137
2014-05-06,1867.720,-0.270,0.562
2014-05-05,1884.660,0.136,-0.899
2014-05-02,1881.140,0.120,0.187
2014-05-01,1883.680,-0.157,-0.135
2014-04-30,1883.950,0.479,-0.014
2014-04-29,1878.330,0.026,0.299
2014-04-28,1869.430,0.113,0.476
2014-04-25,1863.400,-0.015,0.324
2014-04-24,1878.610,0.258,-0.810
2014-04-23,1875.390,0.012,0.172
2014-04-22,1879.550,0.176,-0.221
2014-04-21,1871.890,-0.093,0.409
2014-04-17,1864.850,0.169,0.378
2014-04-16,1862.310,-0.277,0.136
2014-04-15,1842.980,0.356,1.049
2014-04-14,1830.610,0.228,0.676
2014-04-11,1815.690,0.183,0.822
2014-04-10,1833.080,0.485,-0.949
2014-04-09,1872.180,-0.582,-2.088
2014-04-08,1851.960,-0.493,1.092
2014-04-07,1845.040,0.131,0.375
2014-04-04,1865.090,-0.270,-1.075
2014-04-03,1888.770,0.339,-1.254
2014-04-02,1890.900,0.165,-0.113
2014-04-01,1885.520,0.083,0.285
2014-03-31,1872.340,0.167,0.704
2014-03-28,1857.620,0.396,0.792
2014-03-27,1849.040,0.728,0.464
2014-03-26,1852.560,0.813,-0.190
2014-03-25,1865.620,0.281,-0.700
2014-03-24,1857.440,0.842,0.440
2014-03-21,1866.520,-0.084,-0.486
2014-03-20,1872.010,0.337,-0.293
2014-03-19,1860.770,-0.089,0.604
2014-03-18,1872.250,-0.042,-0.613
2014-03-17,1858.830,0.648,0.722
2014-03-14,1841.130,0.233,0.961
2014-03-13,1846.340,0.313,-0.282
2014-03-12,1868.200,-0.342,-1.170
2014-03-11,1867.630,-0.056,0.031
2014-03-10,1877.170,-0.266,-0.508
2014-03-07,1878.040,-0.121,-0.046
2014-03-06,1877.030,0.345,0.054
2014-03-05,1873.810,0.149,0.172
2014-03-04,1873.910,0.294,-0.005
2014-03-03,1845.730,0.009,1.527
2014-02-28,1859.450,-0.511,-0.738
2014-02-27,1854.290,-0.440,0.278
2014-02-26,1845.160,0.116,0.495
2014-02-25,1845.120,-0.050,0.002
2014-02-24,1847.610,0.317,-0.135
2014-02-21,1836.250,0.088,0.619
2014-02-20,1839.780,-0.499,-0.192
2014-02-19,1828.750,-0.379,0.603
2014-02-18,1840.760,-0.198,-0.652
2014-02-14,1838.630,-0.054,0.116
2014-02-13,1829.830,0.192,0.481
2014-02-12,1819.260,0.255,0.581
2014-02-11,1819.750,0.164,-0.027
2014-02-10,1799.840,0.056,1.106
2014-02-07,1797.020,-0.008,0.157
2014-02-06,1773.430,0.309,1.330
2014-02-05,1751.640,0.151,1.244
2014-02-04,1755.200,0.056,-0.203
2014-02-03,1741.890,-0.021,0.764
2014-01-31,1782.590,-0.065,-2.283
2014-01-30,1794.190,-0.031,-0.647
2014-01-29,1774.200,0.026,1.127
2014-01-28,1792.500,0.219,-1.021
2014-01-27,1781.560,-0.074,0.614
2014-01-24,1790.290,-0.155,-0.488
2014-01-23,1828.460,0.382,-2.088
2014-01-22,1844.860,0.001,-0.889
2014-01-21,1843.800,-0.082,0.057
2014-01-17,1838.700,0.279,0.277
2014-01-16,1845.890,0.116,-0.390
2014-01-15,1848.380,-0.099,-0.135
2014-01-14,1838.880,0.043,0.517
2014-01-13,1819.200,0.226,1.082
2014-01-10,1842.370,0.148,-1.258
2014-01-09,1838.130,0.249,0.231
2014-01-08,1837.490,0.401,0.035
2014-01-07,1837.880,-0.015,-0.021
2014-01-06,1826.770,-0.247,0.608
2014-01-03,1831.370,-0.255,-0.251
2014-01-02,1831.980,-0.286,-0.033
2013-12-31,1848.360,-0.475,-0.886
2013-12-30,1841.070,-0.059,0.396
2013-12-27,1841.400,-0.363,-0.018
2013-12-26,1842.020,-0.256,-0.034
2013-12-24,1833.320,0.104,0.475
2013-12-23,1827.990,0.125,0.292
2013-12-20,1818.320,0.010,0.532
2013-12-19,1809.600,0.151,0.482
2013-12-18,1810.650,0.105,-0.058
2013-12-17,1781.000,0.211,1.665
2013-12-16,1786.540,0.195,-0.310
2013-12-13,1775.320,0.184,0.632
2013-12-12,1775.500,0.269,-0.010
2013-12-11,1782.220,-0.094,-0.377
2013-12-10,1802.620,-0.064,-1.132
2013-12-09,1808.370,-0.022,-0.318
2013-12-06,1805.090,0.033,0.182
2013-12-05,1785.030,0.468,1.124
2013-12-04,1792.810,0.533,-0.434
2013-12-03,1795.150,0.497,-0.130
2013-12-02,1800.900,0.119,-0.319
2013-11-29,1805.810,-0.041,-0.272
2013-11-27,1807.230,-0.056,-0.079
2013-11-26,1802.750,0.386,0.249
2013-11-25,1802.480,0.108,0.015
2013-11-22,1804.760,0.008,-0.126
2013-11-21,1795.850,-0.065,0.496
2013-11-20,1781.370,0.433,0.813
2013-11-19,1787.870,0.128,-0.364
2013-11-18,1791.530,0.214,-0.204
2013-11-15,1798.180,-0.066,-0.370
2013-11-14,1790.620,-0.167,0.422
2013-11-13,1782.000,-0.082,0.484
2013-11-12,1767.690,-0.010,0.810
2013-11-11,1771.890,0.395,-0.237
2013-11-08,1770.610,0.221,0.072
2013-11-07,1747.150,0.401,1.343
2013-11-06,1770.490,-0.040,-1.318
2013-11-05,1762.970,0.283,0.427
2013-11-04,1767.930,0.055,-0.281
2013-11-01,1761.640,0.224,0.357
2013-10-31,1756.540,0.009,0.290
2013-10-30,1763.310,0.127,-0.384
2013-10-29,1771.950,-0.332,-0.488
2013-10-28,1762.110,-0.085,0.558
2013-10-25,1759.770,0.032,0.133
2013-10-24,1752.070,-0.040,0.439
2013-10-23,1746.380,-0.249,0.326
2013-10-22,1754.670,-0.060,-0.472
2013-10-21,1744.660,0.028,0.574
2013-10-18,1744.500,-0.016,0.009
2013-10-17,1733.150,-0.024,0.655
2013-10-16,1721.540,-0.358,0.674
2013-10-15,1698.060,-0.383,1.383
2013-10-14,1710.140,-0.060,-0.706
2013-10-11,1703.200,-0.072,0.407
2013-10-10,1692.560,-0.263,0.629
2013-10-09,1656.400,0.202,2.183
2013-10-08,1655.450,0.397,0.057
2013-10-07,1676.120,-0.012,-1.233
2013-10-04,1690.500,0.252,-0.851
2013-10-03,1678.660,-0.190,0.705
2013-10-02,1693.870,0.019,-0.898
2013-10-01,1695.000,0.042,-0.067
2013-09-30,1681.550,0.634,0.800
2013-09-27,1691.750,-0.083,-0.603
2013-09-26,1698.670,-0.364,-0.407
2013-09-25,1692.770,-0.235,0.349
2013-09-24,1697.420,-0.630,-0.274
2013-09-23,1701.840,-0.745,-0.260
2013-09-20,1709.910,-0.127,-0.472
2013-09-19,1722.340,-0.314,-0.722
2013-09-18,1725.520,-0.409,-0.184
2013-09-17,1704.760,-0.215,1.218
2013-09-16,1697.600,-0.082,0.422
2013-09-13,1687.990,0.649,0.569
2013-09-12,1683.420,0.431,0.271
2013-09-11,1689.130,-0.248,-0.338
2013-09-10,1683.990,0.048,0.305
2013-09-09,1671.710,-0.077,0.735
2013-09-06,1655.170,0.160,0.999
2013-09-05,1655.080,0.458,0.005
2013-09-04,1653.080,0.338,0.121
2013-09-03,1639.770,-0.325,0.812
2013-08-30,1632.970,0.458,0.416
2013-08-29,1638.170,0.743,-0.317
2013-08-28,1634.960,0.523,0.196
2013-08-27,1630.480,0.390,0.275
2013-08-26,1656.780,0.245,-1.587
2013-08-23,1663.500,-0.039,-0.404
2013-08-22,1656.960,-0.393,0.395
2013-08-21,1642.800,0.057,0.862
2013-08-20,1652.350,0.204,-0.578
2013-08-19,1646.060,0.494,0.382
2013-08-16,1655.830,0.604,-0.590
2013-08-15,1661.320,0.346,-0.330
2013-08-14,1685.390,-0.178,-1.428
2013-08-13,1694.160,-0.460,-0.518
2013-08-12,1689.470,-0.379,0.278
2013-08-09,1691.420,0.169,-0.115
2013-08-08,1697.480,0.048,-0.357
2013-08-07,1690.910,-0.001,0.389
2013-08-06,1697.370,0.107,-0.381
2013-08-05,1707.140,-0.328,-0.572
2013-08-02,1709.670,-0.082,-0.148
2013-08-01,1706.870,-0.069,0.164
2013-07-31,1685.730,-0.145,1.254
2013-07-30,1685.960,0.108,-0.014
2013-07-29,1685.330,0.411,0.037
2013-07-26,1691.650,0.489,-0.374
2013-07-25,1690.250,0.212,0.083
2013-07-24,1685.940,0.081,0.256
2013-07-23,1692.390,-0.286,-0.381
2013-07-22,1695.530,-0.429,-0.185
2013-07-19,1692.090,-0.481,0.203
2013-07-18,1689.370,-0.214,0.161
2013-07-17,1680.910,0.569,0.503
2013-07-16,1676.260,0.391,0.277
2013-07-15,1682.500,0.518,-0.371
2013-07-12,1680.190,0.234,0.137
2013-07-11,1675.020,0.181,0.309
2013-07-10,1652.620,0.056,1.355
2013-07-09,1652.320,-0.639,0.018
2013-07-08,1640.460,-0.597,0.723
2013-07-05,1631.890,-0.020,0.525
2013-07-03,1615.410,-0.027,1.020
2013-07-02,1614.080,-0.356,0.082
2013-07-01,1614.960,-0.111,-0.054
2013-06-28,1606.280,0.185,0.540
2013-06-27,1613.200,-0.491,-0.429
2013-06-26,1603.260,-0.197,0.620
2013-06-25,1588.030,0.249,0.959
2013-06-24,1573.090,0.367,0.950
2013-06-21,1592.430,0.606,-1.214
2013-06-20,1588.190,0.236,0.267
2013-06-19,1628.930,0.551,-2.501
2013-06-18,1651.810,0.020,-1.385
2013-06-17,1639.040,0.108,0.779
2013-06-14,1626.730,-0.274,0.757
2013-06-13,1636.360,-0.565,-0.589
2013-06-12,1612.520,0.386,1.478
2013-06-11,1626.130,0.239,-0.837
2013-06-10,1642.810,0.030,-1.015
2013-06-07,1643.380,0.084,-0.035
2013-06-06,1622.560,-0.253,1.283
2013-06-05,1608.900,-0.296,0.849
2013-06-04,1631.380,-0.025,-1.378
2013-06-03,1640.420,0.013,-0.551
2013-05-31,1630.740,0.527,0.594
2013-05-30,1654.410,0.689,-1.431
2013-05-29,1648.360,1.039,0.367
2013-05-28,1660.060,0.747,-0.705
2013-05-24,1649.600,0.573,0.634
2013-05-23,1650.510,-0.321,-0.055
2013-05-22,1655.350,-0.181,-0.292
2013-05-21,1669.160,-0.467,-0.827
2013-05-20,1666.290,0.013,0.172
2013-05-17,1667.470,-0.005,-0.071
2013-05-16,1650.470,0.130,1.030
2013-05-15,1658.780,0.058,-0.501
2013-05-14,1650.340,0.303,0.511
2013-05-13,1633.770,0.319,1.014
2013-05-10,1633.700,0.362,0.004
2013-05-09,1626.670,0.038,0.432
2013-05-08,1632.690,-0.442,-0.369
2013-05-07,1625.960,-0.262,0.414
2013-05-06,1617.500,-0.276,0.523
2013-05-03,1614.420,-0.569,0.191
2013-05-02,1597.590,0.184,1.053
2013-05-01,1582.700,-0.443,0.941
2013-04-30,1597.570,0.468,-0.931
2013-04-29,1593.610,0.407,0.248
2013-04-26,1582.240,-0.278,0.719
2013-04-25,1585.160,-0.038,-0.184
2013-04-24,1578.790,0.166,0.403
2013-04-23,1578.780,-0.011,0.001
2013-04-22,1562.500,0.142,1.042
2013-04-19,1555.250,-0.404,0.466
2013-04-18,1541.610,0.147,0.885
2013-04-17,1552.010,-0.292,-0.670
2013-04-16,1574.570,-0.061,-1.433
2013-04-15,1552.360,-0.033,1.431
2013-04-12,1588.850,0.174,-2.297
2013-04-11,1593.370,-0.074,-0.284
2013-04-10,1587.730,-0.366,0.355
2013-04-09,1568.610,-0.414,1.219
2013-04-08,1563.070,-0.447,0.354
2013-04-05,1553.280,-0.246,0.630
2013-04-04,1559.980,-0.704,-0.429
2013-04-03,1553.690,-0.603,0.405
2013-04-02,1570.250,-0.012,-1.055
2013-04-01,1562.170,0.071,0.517
2013-03-28,1569.190,-0.620,-0.447
2013-03-27,1562.850,-0.460,0.406
2013-03-26,1563.770,-0.287,-0.059
2013-03-25,1551.690,-0.062,0.779
2013-03-22,1556.890,-0.083,-0.334
2013-03-21,1545.800,0.029,0.717
2013-03-20,1558.710,-0.053,-0.828
2013-03-19,1548.340,0.515,0.670
2013-03-18,1552.100,0.596,-0.242
2013-03-15,1560.700,0.131,-0.551
2013-03-14,1563.230,0.009,-0.162
2013-03-13,1554.520,-0.011,0.560
2013-03-12,1552.480,0.003,0.131
2013-03-11,1556.220,-0.075,-0.240
2013-03-08,1551.180,-0.298,0.325
2013-03-07,1544.260,-0.380,0.448
2013-03-06,1541.460,-0.340,0.182
2013-03-05,1539.790,-0.130,0.108
2013-03-04,1525.200,-0.291,0.957
2013-03-01,1518.200,-0.014,0.461
2013-02-28,1514.680,-0.205,0.232
2013-02-27,1515.990,-0.457,-0.086
2013-02-26,1496.940,0.627,1.273
2013-02-25,1487.850,0.286,0.611
2013-02-22,1515.600,0.071,-1.831
2013-02-21,1502.420,0.026,0.877
2013-02-20,1511.950,0.085,-0.630
2013-02-19,1530.940,0.428,-1.240
2013-02-15,1519.790,0.512,0.734
2013-02-14,1521.380,0.130,-0.105
2013-02-13,1520.330,0.785,0.069
2013-02-12,1519.430,0.189,0.059
2013-02-11,1517.010,0.314,0.160
2013-02-08,1517.930,0.103,-0.061
2013-02-07,1509.390,0.424,0.566
2013-02-06,1512.120,0.111,-0.181
2013-02-05,1511.290,0.062,0.055
2013-02-04,1495.710,-0.201,1.042
2013-02-01,1513.170,-0.027,-1.154
2013-01-31,1498.110,0.352,1.005
2013-01-30,1501.960,0.238,-0.256
2013-01-29,1507.840,-0.008,-0.390
2013-01-28,1500.180,-0.473,0.511
2013-01-25,1502.960,-0.413,-0.185
2013-01-24,1494.820,-0.220,0.545
2013-01-23,1494.810,-0.146,0.001
2013-01-22,1492.560,-0.244,0.151
2013-01-18,1485.980,-0.774,0.443
2013-01-17,1480.940,-0.705,0.340
2013-01-16,1472.630,0.194,0.564
2013-01-15,1472.340,0.291,0.020
2013-01-14,1470.680,0.551,0.113
2013-01-11,1472.050,-0.168,-0.093
2013-01-10,1472.120,-0.010,-0.005
2013-01-09,1461.020,-0.181,0.760
2013-01-08,1457.150,-0.382,0.266
2013-01-07,1461.890,-0.057,-0.324
2013-01-04,1466.470,0.249,-0.312
2013-01-03,1459.370,0.642,0.487
2013-01-02,1462.420,0.229,-0.209
2012-12-31,1426.190,0.396,2.540
2012-12-28,1402.430,0.421,1.694
2012-12-27,1418.100,0.516,-1.105
2012-12-26,1419.830,0.077,-0.122
2012-12-24,1426.660,0.141,-0.479
2012-12-21,1430.150,-0.040,-0.244
2012-12-20,1443.690,0.118,-0.938
2012-12-19,1435.810,-0.067,0.549
2012-12-18,1446.790,0.103,-0.759
2012-12-17,1430.360,0.189,1.149
2012-12-14,1413.580,-0.120,1.187
2012-12-13,1419.450,0.061,-0.414
2012-12-12,1428.480,-0.006,-0.632
2012-12-11,1427.840,0.076,0.045
2012-12-10,1418.550,0.111,0.655
2012-12-07,1418.070,0.150,0.034
2012-12-06,1413.940,0.004,0.292
2012-12-05,1409.280,0.106,0.331
2012-12-04,1407.050,0.741,0.158
2012-12-03,1409.460,0.690,-0.171
2012-11-30,1416.180,-0.346,-0.475
2012-11-29,1415.950,-0.178,0.016
2012-11-28,1409.930,-0.399,0.427
2012-11-27,1398.940,0.011,0.786
2012-11-26,1406.290,0.302,-0.523
2012-11-23,1409.150,0.254,-0.203
2012-11-21,1391.030,-0.237,1.303
2012-11-20,1387.810,-0.183,0.232
2012-11-19,1386.890,0.005,0.066
2012-11-16,1359.880,-0.001,1.986
2012-11-15,1353.330,0.191,0.484
2012-11-14,1355.490,0.272,-0.159
2012-11-13,1374.530,0.477,-1.385
2012-11-12,1380.030,0.257,-0.399
2012-11-09,1379.850,0.236,0.013
2012-11-08,1377.510,0.378,0.170
2012-11-07,1394.530,0.089,-1.220
2012-11-06,1428.390,0.271,-2.371
2012-11-05,1417.260,-0.136,0.785
2012-11-02,1414.200,0.187,0.216
2012-11-01,1427.590,0.234,-0.938
2012-10-31,1412.160,0.440,1.093
2012-10-26,1411.940,0.177,0.016
2012-10-25,1412.970,-0.160,-0.073
2012-10-24,1408.750,-0.208,0.300
2012-10-23,1413.110,0.038,-0.309
2012-10-22,1433.820,-0.016,-1.444
2012-10-19,1433.190,0.309,0.044
2012-10-18,1457.340,-0.102,-1.657
2012-10-17,1460.910,-0.129,-0.244
2012-10-16,1454.920,-0.230,0.412
2012-10-15,1440.130,-0.071,1.027
2012-10-12,1428.590,-0.109,0.808
2012-10-11,1432.840,0.020,-0.297
2012-10-10,1432.560,0.324,0.020
2012-10-09,1441.480,0.425,-0.619
2012-10-08,1455.880,-0.141,-0.989
2012-10-05,1460.930,0.346,-0.346
2012-10-04,1461.400,0.122,-0.032
2012-10-03,1450.990,0.010,0.717
2012-10-02,1445.750,-0.047,0.362
2012-10-01,1444.490,-0.037,0.087
2012-09-28,1440.670,0.633,0.265
2012-09-27,1447.150,0.151,-0.448
2012-09-26,1433.320,1.041,0.965
2012-09-25,1441.590,0.013,-0.574
2012-09-24,1456.890,0.204,-1.050
2012-09-21,1460.150,0.452,-0.223
2012-09-20,1460.260,0.231,-0.008
2012-09-19,1461.050,-0.058,-0.054
2012-09-18,1459.320,-0.461,0.119
2012-09-17,1461.190,-0.219,-0.128
2012-09-14,1465.770,-0.283,-0.312
2012-09-13,1459.990,-0.012,0.396
2012-09-12,1436.560,0.346,1.631
2012-09-11,1433.560,-0.206,0.209
2012-09-10,1429.080,-0.097,0.313
2012-09-07,1437.920,-0.247,-0.615
2012-09-06,1432.120,0.225,0.405
2012-09-05,1403.440,-0.129,2.044
2012-09-04,1404.940,-0.263,-0.107
2012-08-31,1406.580,0.633,-0.117
2012-08-30,1399.480,1.081,0.507
2012-08-29,1410.490,0.261,-0.781
2012-08-28,1409.300,0.332,0.084
2012-08-27,1410.440,0.293,-0.081
2012-08-24,1411.130,-0.367,-0.049
2012-08-23,1402.080,-0.388,0.645
2012-08-22,1413.490,-0.685,-0.807
2012-08-21,1413.170,-0.218,0.023
2012-08-20,1418.130,0.117,-0.350
2012-08-17,1418.160,-0.065,-0.002
2012-08-16,1415.510,0.017,0.187
2012-08-15,1405.530,0.046,0.710
2012-08-14,1403.930,0.435,0.114
2012-08-13,1404.110,-0.081,-0.013
2012-08-10,1405.870,0.086,-0.125
2012-08-09,1402.800,-0.152,0.219
2012-08-08,1402.220,0.026,0.041
2012-08-07,1401.350,-0.224,0.062
2012-08-06,1394.230,-0.352,0.511
2012-08-03,1390.990,-0.040,0.233
2012-08-02,1365.000,-0.545,1.904
2012-08-01,1375.320,-0.179,-0.750
2012-07-31,1379.320,0.341,-0.290
2012-07-30,1385.300,-0.518,-0.432
2012-07-27,1385.970,0.191,-0.048
2012-07-26,1360.020,0.229,1.908
2012-07-25,1337.890,0.084,1.654
2012-07-24,1338.310,-0.474,-0.031
2012-07-23,1350.520,-0.085,-0.904
2012-07-20,1362.660,0.201,-0.891
2012-07-19,1376.510,-0.053,-1.006
2012-07-18,1372.780,-0.172,0.272
2012-07-17,1363.670,-0.174,0.668
2012-07-16,1353.640,-0.014,0.741
2012-07-13,1356.780,-0.428,-0.231
2012-07-12,1334.760,-0.258,1.650
2012-07-11,1341.450,-0.123,-0.499
2012-07-10,1341.470,0.369,-0.001
2012-07-09,1352.460,0.209,-0.813
2012-07-06,1354.680,0.327,-0.164
2012-07-05,1367.580,0.278,-0.943
2012-07-03,1374.020,-0.056,-0.469
2012-07-02,1365.510,0.326,0.623
2012-06-29,1362.160,0.003,0.246
2012-06-28,1329.040,0.328,2.492
2012-06-27,1331.850,-0.220,-0.211
2012-06-26,1319.990,0.446,0.898
2012-06-25,1313.720,0.234,0.477
2012-06-22,1335.020,-0.774,-1.595
2012-06-21,1325.510,0.215,0.717
2012-06-20,1355.690,-0.428,-2.226
2012-06-19,1357.980,-0.197,-0.169
2012-06-18,1344.780,-0.535,0.982
2012-06-15,1342.840,-0.013,0.144
2012-06-14,1329.100,-0.009,1.034
2012-06-13,1314.880,-0.019,1.081
2012-06-12,1324.180,-0.147,-0.702
2012-06-11,1308.930,0.065,1.165
2012-06-08,1325.660,-0.035,-1.262
2012-06-07,1314.990,0.270,0.811
2012-06-06,1315.130,0.417,-0.011
2012-06-05,1285.500,0.090,2.305
2012-06-04,1278.180,-0.026,0.573
2012-06-01,1278.040,-0.028,0.011
2012-05-31,1310.330,0.428,-2.464
2012-05-30,1313.320,0.585,-0.228
2012-05-29,1332.420,-0.251,-1.433
2012-05-25,1317.820,-0.110,1.108
2012-05-24,1320.680,0.310,-0.217
2012-05-23,1318.860,-0.123,0.138
2012-05-22,1316.630,-0.024,0.169
2012-05-21,1315.990,0.183,0.049
2012-05-18,1295.220,0.162,1.604
2012-05-17,1304.860,0.215,-0.739
2012-05-16,1324.800,0.820,-1.505
2012-05-15,1330.660,0.496,-0.440
2012-05-14,1338.350,0.174,-0.575
2012-05-11,1353.390,-0.022,-1.111
2012-05-10,1357.990,-0.074,-0.339
2012-05-09,1354.580,0.395,0.252
2012-05-08,1363.720,0.011,-0.670
2012-05-07,1369.580,-0.206,-0.428
2012-05-04,1369.100,-0.489,0.035
2012-05-03,1391.570,-0.328,-1.615
2012-05-02,1402.310,-0.126,-0.766
2012-05-01,1405.820,0.153,-0.250
2012-04-30,1397.910,-0.006,0.566
2012-04-27,1403.360,0.282,-0.388
2012-04-26,1399.980,0.091,0.241
2012-04-25,1390.690,0.121,0.668
2012-04-24,1371.970,0.372,1.364
2012-04-23,1366.940,0.456,0.368
2012-04-20,1378.530,0.008,-0.841
2012-04-19,1376.920,0.038,0.117
2012-04-18,1385.140,-0.099,-0.593
2012-04-17,1390.780,0.242,-0.406
2012-04-16,1369.570,0.051,1.549
2012-04-13,1370.260,0.304,-0.050
2012-04-12,1387.570,-0.051,-1.248
2012-04-11,1368.710,0.094,1.378
2012-04-10,1358.590,0.339,0.745
2012-04-09,1382.200,0.507,-1.708
2012-04-05,1398.080,0.052,-1.136
2012-04-04,1398.960,-0.530,-0.063
2012-04-03,1413.380,0.160,-1.020
2012-04-02,1419.040,0.352,-0.399
2012-03-30,1408.470,-0.167,0.750
2012-03-29,1403.280,0.687,0.370
2012-03-28,1405.540,0.510,-0.161
2012-03-27,1412.520,-0.924,-0.494
2012-03-26,1416.510,-0.340,-0.282
2012-03-23,1397.110,-0.215,1.389
2012-03-22,1392.780,-0.213,0.311
2012-03-21,1402.890,0.371,-0.721
2012-03-20,1405.520,-0.080,-0.187
2012-03-19,1409.750,0.211,-0.300
2012-03-16,1404.170,-0.204,0.397
2012-03-15,1402.600,0.123,0.112
2012-03-14,1394.280,0.095,0.597
2012-03-13,1395.950,-0.003,-0.120
2012-03-12,1371.090,0.232,1.813
2012-03-09,1370.870,-0.076,0.016
2012-03-08,1365.910,-0.175,0.363
2012-03-07,1352.630,-0.353,0.982
2012-03-06,1343.360,0.237,0.690
2012-03-05,1364.330,-0.175,-1.537
2012-03-02,1369.630,-0.177,-0.387
2012-03-01,1374.090,0.502,-0.325
2012-02-29,1365.680,0.227,0.616
2012-02-28,1372.180,-0.164,-0.474
2012-02-27,1367.590,-0.537,0.336
2012-02-24,1365.740,0.247,0.135
2012-02-23,1363.460,0.152,0.167
2012-02-22,1357.660,0.150,0.427
2012-02-21,1362.210,0.221,-0.334
2012-02-17,1361.230,-0.147,0.072
2012-02-16,1358.040,0.161,0.235
2012-02-15,1343.230,0.550,1.103
2012-02-14,1350.500,0.102,-0.538
2012-02-13,1351.770,-0.080,-0.094
2012-02-10,1342.640,0.184,0.680
2012-02-09,1351.950,-0.076,-0.689
2012-02-08,1349.960,-0.001,0.147
2012-02-07,1347.050,0.203,0.216
2012-02-06,1344.330,0.207,0.202
2012-02-03,1344.900,0.076,-0.042
2012-02-02,1325.540,0.149,1.461
2012-02-01,1324.090,0.077,0.110
2012-01-31,1312.410,0.669,0.890
2012-01-30,1313.010,0.576,-0.046
2012-01-27,1316.330,0.457,-0.252
2012-01-26,1318.430,0.185,-0.159
2012-01-25,1326.060,-0.269,-0.575
2012-01-24,1314.650,-0.345,0.868
2012-01-23,1316.000,-0.218,-0.103
2012-01-20,1315.380,-0.457,0.047
2012-01-19,1314.500,-0.200,0.067
2012-01-18,1308.040,0.085,0.494
2012-01-17,1293.670,0.000,1.111
2012-01-13,1289.090,0.265,0.355
2012-01-12,1295.500,0.048,-0.495
2012-01-11,1292.480,0.047,0.234
2012-01-10,1292.080,0.181,0.031
2012-01-09,1280.700,-0.365,0.889
2012-01-06,1277.810,-0.009,0.226
2012-01-05,1281.060,0.117,-0.254
2012-01-04,1277.300,0.262,0.294
2012-01-03,1277.060,0.482,0.019
2011-12-30,1257.600,-0.088,1.547
2011-12-29,1263.020,-0.217,-0.429
2011-12-28,1249.640,-0.025,1.071
2011-12-27,1265.430,0.147,-1.248
2011-12-23,1265.330,0.143,0.008
2011-12-22,1254.000,0.191,0.904
2011-12-21,1243.720,0.018,0.827
2011-12-20,1241.300,0.187,0.195
2011-12-19,1205.350,0.099,2.983
2011-12-16,1219.660,0.201,-1.173
2011-12-15,1215.750,0.202,0.322
2011-12-14,1211.820,0.179,0.324
2011-12-13,1225.730,0.377,-1.135
2011-12-12,1236.470,0.098,-0.869
2011-12-09,1255.190,0.027,-1.491
2011-12-08,1234.350,-0.164,1.688
2011-12-07,1261.010,0.037,-2.114
2011-12-06,1258.470,0.029,0.202
2011-12-05,1257.080,-0.063,0.111
2011-12-02,1244.280,-0.070,1.029
2011-12-01,1244.580,0.023,-0.024
2011-11-30,1246.960,0.040,-0.191
2011-11-29,1195.190,-0.411,4.332
2011-11-28,1192.550,0.103,0.221
2011-11-25,1158.670,0.153,2.924
2011-11-23,1161.790,0.257,-0.269
2011-11-22,1188.040,0.379,-2.210
2011-11-21,1192.980,0.115,-0.414
2011-11-18,1215.650,0.323,-1.865
2011-11-17,1216.130,0.344,-0.039
2011-11-16,1236.910,-0.252,-1.680
2011-11-15,1257.810,-0.116,-1.662
2011-11-14,1251.780,-0.403,0.482
2011-11-11,1263.850,0.072,-0.955
2011-11-10,1239.700,0.209,1.948
2011-11-09,1229.100,0.115,0.862
2011-11-08,1275.920,0.405,-3.670
2011-11-07,1261.120,0.113,1.174
2011-11-04,1253.230,0.022,0.630
2011-11-03,1261.150,0.023,-0.628
2011-11-02,1237.900,0.067,1.878
2011-11-01,1218.280,0.007,1.610
2011-10-31,1253.300,0.022,-2.794
2011-10-28,1285.090,0.024,-2.474
2011-10-27,1284.590,0.039,0.039
2011-10-26,1242.000,-0.225,3.429
2011-10-25,1229.050,-0.201,1.054
2011-10-24,1254.190,-0.036,-2.004
2011-10-21,1238.250,-0.074,1.287
2011-10-20,1215.390,0.565,1.881
2011-10-19,1209.880,-0.083,0.455
2011-10-18,1225.380,-0.078,-1.265
2011-10-17,1200.860,-0.029,2.042
2011-10-14,1224.580,0.154,-1.937
2011-10-13,1203.660,0.077,1.738
2011-10-12,1207.250,-0.016,-0.297
2011-10-11,1195.540,0.000,0.979
2011-10-10,1194.890,0.034,0.054
2011-10-07,1155.460,0.034,3.412
2011-10-06,1164.970,0.255,-0.816
2011-10-05,1144.030,0.018,1.830
2011-10-04,1123.950,0.026,1.787
2011-10-03,1099.230,0.014,2.249
2011-09-30,1131.420,0.138,-2.845
2011-09-29,1160.400,0.036,-2.497
2011-09-28,1151.060,0.117,0.811
2011-09-27,1175.380,-0.195,-2.069
2011-09-26,1162.950,0.037,1.069
2011-09-23,1136.430,-0.014,2.334
2011-09-22,1129.560,0.036,0.608
2011-09-21,1166.760,-0.034,-3.188
2011-09-20,1202.090,0.288,-2.939
2011-09-19,1204.090,0.095,-0.166
2011-09-16,1216.010,0.013,-0.980
2011-09-15,1209.110,0.135,0.571
2011-09-14,1188.680,-0.345,1.719
2011-09-13,1172.870,0.054,1.348
2011-09-12,1162.270,0.003,0.912
2011-09-09,1154.230,-0.052,0.697
2011-09-08,1185.900,-0.148,-2.671
2011-09-07,1198.620,0.014,-1.061
2011-09-06,1165.240,0.123,2.865
2011-09-02,1173.970,-0.077,-0.744
2011-09-01,1204.420,0.121,-2.528
2011-08-31,1218.890,0.025,-1.187
2011-08-30,1212.920,0.035,0.492
2011-08-29,1210.080,0.041,0.235
2011-08-26,1176.800,0.064,2.828
2011-08-25,1159.270,0.050,1.512
2011-08-24,1177.600,0.160,-1.557
2011-08-23,1162.350,0.027,1.312
2011-08-22,1123.820,0.008,3.428
2011-08-19,1123.530,0.025,0.026
2011-08-18,1140.650,0.038,-1.501
2011-08-17,1193.890,0.120,-4.459
2011-08-16,1192.760,-0.012,0.095
2011-08-15,1204.490,0.064,-0.974
2011-08-12,1178.810,0.027,2.178
2011-08-11,1172.640,0.027,0.526
2011-08-10,1120.760,0.027,4.629
2011-08-09,1172.530,0.027,-4.415
2011-08-08,1119.460,0.027,4.741
2011-08-05,1199.380,0.034,-6.663
2011-08-04,1200.070,0.024,-0.057
2011-08-03,1260.340,-0.065,-4.782
2011-08-02,1254.050,0.112,0.502
2011-08-01,1286.940,0.309,-2.556
2011-07-29,1292.280,-0.132,-0.413
2011-07-28,1300.670,0.163,-0.645
2011-07-27,1304.890,0.385,-0.323
2011-07-26,1331.940,0.329,-2.031
2011-07-25,1337.430,0.248,-0.410
2011-07-22,1345.020,-0.313,-0.564
2011-07-21,1343.800,-0.642,0.091
2011-07-20,1325.840,-0.757,1.355
2011-07-19,1326.730,-0.178,-0.067
2011-07-18,1305.440,0.776,1.631
2011-07-15,1316.140,-0.451,-0.813
2011-07-14,1308.870,0.275,0.555
2011-07-13,1317.720,-0.273,-0.672
2011-07-12,1313.640,0.040,0.311
2011-07-11,1319.490,0.463,-0.443
2011-07-08,1343.800,0.429,-1.809
2011-07-07,1353.220,-0.020,-0.696
2011-07-06,1339.220,-0.264,1.045
2011-07-05,1337.880,-0.287,0.100
2011-07-01,1339.670,0.066,-0.134
2011-06-30,1320.640,-0.076,1.441
2011-06-29,1307.410,-0.112,1.012
2011-06-28,1296.670,-0.227,0.828
2011-06-27,1280.100,0.240,1.294
2011-06-24,1268.450,0.131,0.918
2011-06-23,1283.500,0.419,-1.173
2011-06-22,1287.140,0.523,-0.283
2011-06-21,1295.520,0.484,-0.647
2011-06-20,1278.360,-0.009,1.342
2011-06-17,1271.500,-0.789,0.540
2011-06-16,1267.640,0.295,0.305
2011-06-15,1265.420,0.077,0.175
2011-06-14,1287.870,0.331,-1.743
2011-06-13,1271.830,0.131,1.261
2011-06-10,1270.980,0.090,0.067
2011-06-09,1289.000,-0.496,-1.398
2011-06-08,1279.560,0.241,0.738
2011-06-07,1284.940,0.582,-0.419
2011-06-06,1286.170,0.215,-0.096
2011-06-03,1300.160,-0.389,-1.076
2011-06-02,1312.940,-0.356,-0.973
2011-06-01,1314.550,-0.181,-0.122
2011-05-31,1345.200,0.078,-2.278
2011-05-27,1331.100,-0.185,1.059
2011-05-26,1325.690,-0.056,0.408
2011-05-25,1320.470,0.475,0.395
2011-05-24,1316.280,0.178,0.318
2011-05-23,1317.370,0.010,-0.083
2011-05-20,1333.270,-0.537,-1.193
2011-05-19,1343.600,0.108,-0.769
2011-05-18,1340.680,0.176,0.218
2011-05-17,1328.980,0.338,0.880
2011-05-16,1329.470,-0.507,-0.037
2011-05-13,1337.770,0.076,-0.620
2011-05-12,1348.650,0.064,-0.807
2011-05-11,1342.080,0.143,0.490
2011-05-10,1357.160,-0.190,-1.111
2011-05-09,1346.290,-0.238,0.807
2011-05-06,1340.200,0.106,0.454
2011-05-05,1335.100,0.145,0.382
2011-05-04,1347.320,-0.146,-0.907
2011-05-03,1356.620,0.210,-0.686
2011-05-02,1361.220,-0.058,-0.338
2011-04-29,1363.610,-0.093,-0.175
2011-04-28,1360.480,-0.240,0.230
2011-04-27,1355.660,-0.233,0.356
2011-04-26,1347.240,-0.202,0.625
2011-04-25,1335.250,-0.652,0.898
2011-04-21,1337.380,-0.005,-0.159
2011-04-20,1330.360,0.178,0.528
2011-04-19,1312.620,0.065,1.351
2011-04-18,1305.140,0.164,0.573
2011-04-15,1319.680,-0.049,-1.102
2011-04-14,1314.520,-0.166,0.393
2011-04-13,1314.410,-0.133,0.008
2011-04-12,1314.160,0.075,0.019
2011-04-11,1324.460,0.046,-0.778
2011-04-08,1328.170,0.069,-0.279
2011-04-07,1333.510,0.145,-0.400
2011-04-06,1335.540,-0.241,-0.152
2011-04-05,1332.630,-0.508,0.218
2011-04-04,1332.870,-0.563,-0.018
2011-04-01,1332.410,0.849,0.035
2011-03-31,1325.830,0.282,0.496
2011-03-30,1328.260,0.116,-0.183
2011-03-29,1319.440,0.045,0.668
2011-03-28,1310.190,-0.491,0.706
2011-03-25,1313.800,-0.130,-0.275
2011-03-24,1309.660,-0.083,0.316
2011-03-23,1297.540,0.090,0.934
2011-03-22,1293.770,-0.059,0.291
2011-03-21,1298.380,0.283,-0.355
2011-03-18,1279.210,-0.248,1.499
2011-03-17,1273.720,-0.189,0.431
2011-03-16,1256.880,-0.044,1.340
2011-03-15,1281.870,0.007,-1.949
2011-03-14,1296.390,-0.379,-1.120
2011-03-11,1304.280,0.026,-0.605
2011-03-10,1295.110,0.117,0.708
2011-03-09,1320.020,-0.263,-1.887
2011-03-08,1321.820,-0.146,-0.136
2011-03-07,1310.130,0.053,0.892
2011-03-04,1321.150,0.308,-0.834
2011-03-03,1330.970,-0.115,-0.738
2011-03-02,1308.440,0.036,1.722
2011-03-01,1306.330,0.066,0.162
2011-02-28,1327.220,0.127,-1.574
2011-02-25,1319.880,0.093,0.556
2011-02-24,1306.100,0.147,1.055
2011-02-23,1307.400,0.049,-0.099
2011-02-22,1315.440,0.281,-0.611
2011-02-18,1343.010,-0.620,-2.053
2011-02-17,1340.430,-0.470,0.192
2011-02-16,1336.320,0.033,0.308
2011-02-15,1328.010,0.363,0.626
2011-02-14,1332.320,-0.174,-0.323
2011-02-11,1329.150,-0.006,0.238
2011-02-10,1321.870,-0.228,0.551
2011-02-09,1320.880,-0.124,0.075
2011-02-08,1324.570,-0.015,-0.279
2011-02-07,1319.050,-0.199,0.418
2011-02-04,1310.870,0.230,0.624
2011-02-03,1307.100,0.244,0.288
2011-02-02,1304.030,-0.180,0.235
2011-02-01,1307.590,0.017,-0.272
2011-01-31,1286.120,0.246,1.669
2011-01-28,1276.340,0.170,0.766
2011-01-27,1299.540,-0.443,-1.785
2011-01-26,1296.630,-0.276,0.224
2011-01-25,1291.180,-0.112,0.422
2011-01-24,1290.840,0.042,0.026
2011-01-21,1283.350,0.228,0.584
2011-01-20,1280.260,-0.110,0.241
2011-01-19,1281.920,-0.096,-0.129
2011-01-18,1295.020,-0.658,-1.012
2011-01-14,1293.240,-0.443,0.138
2011-01-13,1283.760,0.078,0.738
2011-01-12,1285.960,-0.480,-0.171
2011-01-11,1274.480,-0.266,0.901
2011-01-10,1269.750,-0.168,0.373
2011-01-07,1271.500,-0.397,-0.138
2011-01-06,1273.850,0.263,-0.184
2011-01-05,1276.560,0.525,-0.212
2011-01-04,1270.200,0.029,0.501
2011-01-03,1271.870,0.397,-0.131
2010-12-31,1257.640,-0.112,1.131
2010-12-30,1257.880,-0.204,-0.019
2010-12-29,1259.780,-0.151,-0.151
2010-12-28,1258.510,-0.278,0.101
2010-12-27,1257.540,0.059,0.077
2010-12-23,1256.770,-0.144,0.061
2010-12-22,1258.840,-0.011,-0.164
2010-12-21,1254.600,0.186,0.338
2010-12-20,1247.080,-0.058,0.603
2010-12-17,1243.910,-0.001,0.255
2010-12-16,1242.870,0.214,0.084
2010-12-15,1235.230,-0.111,0.619
2010-12-14,1241.590,0.157,-0.512
2010-12-13,1240.460,0.295,0.091
2010-12-10,1240.400,0.207,0.005
2010-12-09,1233.000,0.149,0.600
2010-12-08,1228.280,0.138,0.384
2010-12-07,1223.750,0.227,0.370
2010-12-06,1223.120,-0.105,0.052
2010-12-03,1224.710,0.085,-0.130
2010-12-02,1221.530,0.439,0.260
2010-12-01,1206.070,0.316,1.282
2010-11-30,1180.550,-0.003,2.162
2010-11-29,1187.760,-0.111,-0.607
2010-11-26,1189.400,-0.470,-0.138
2010-11-24,1198.350,-0.261,-0.747
2010-11-23,1180.730,0.441,1.492
2010-11-22,1197.840,0.117,-1.428
2010-11-19,1199.730,0.181,-0.158
2010-11-18,1196.690,0.311,0.254
2010-11-17,1178.590,0.545,1.536
2010-11-16,1178.340,0.444,0.021
2010-11-15,1197.750,0.051,-1.621
2010-11-12,1199.210,-0.179,-0.122
2010-11-11,1213.540,0.188,-1.181
2010-11-10,1218.710,0.329,-0.424
2010-11-09,1213.400,0.115,0.438
2010-11-08,1223.250,-0.445,-0.805
2010-11-05,1225.850,-0.223,-0.212
2010-11-04,1221.060,-0.164,0.392
2010-11-03,1197.960,0.387,1.928
2010-11-02,1193.570,0.587,0.368
2010-11-01,1184.380,0.316,0.776
2010-10-29,1183.260,0.204,0.095
2010-10-28,1183.780,0.324,-0.044
2010-10-27,1182.450,0.278,0.112
2010-10-26,1185.640,0.545,-0.269
2010-10-25,1185.620,0.186,0.002
2010-10-22,1183.080,-0.062,0.215
2010-10-21,1180.260,-0.310,0.239
2010-10-20,1178.170,0.017,0.177
2010-10-19,1165.900,0.324,1.052
2010-10-18,1184.710,-0.329,-1.588
2010-10-15,1176.190,0.130,0.724
2010-10-14,1173.810,0.583,0.203
2010-10-13,1178.100,-0.154,-0.364
2010-10-12,1169.770,0.067,0.712
2010-10-11,1165.320,-0.261,0.382
2010-10-08,1165.150,-0.386,0.015
2010-10-07,1158.060,-0.041,0.612
2010-10-06,1159.970,-0.115,-0.165
2010-10-05,1160.750,0.267,-0.067
2010-10-04,1137.030,-0.194,2.086
2010-10-01,1146.240,0.335,-0.803
2010-09-30,1141.200,0.346,0.442
2010-09-29,1144.730,-0.096,-0.308
2010-09-28,1147.700,-0.295,-0.259
2010-09-27,1142.160,0.045,0.485
2010-09-24,1148.670,0.065,-0.567
2010-09-23,1124.830,-0.081,2.119
2010-09-22,1134.280,0.219,-0.833
2010-09-21,1139.780,0.026,-0.483
2010-09-20,1142.710,0.169,-0.256
2010-09-17,1125.590,-0.026,1.521
2010-09-16,1124.660,-0.309,0.083
2010-09-15,1125.070,-0.234,-0.036
2010-09-14,1121.100,-0.435,0.354
2010-09-13,1121.900,-0.006,-0.071
2010-09-10,1109.550,0.356,1.113
2010-09-09,1104.180,-0.049,0.486
2010-09-08,1098.870,-0.027,0.483
2010-09-07,1091.840,-0.007,0.644
2010-09-03,1104.510,0.036,-1.147
2010-09-02,1090.100,-0.011,1.322
2010-09-01,1080.290,-0.116,0.908
2010-08-31,1049.330,0.182,2.950
2010-08-30,1048.920,0.375,0.039
2010-08-27,1064.590,-0.019,-1.472
2010-08-26,1047.220,0.677,1.659
2010-08-25,1055.330,0.347,-0.768
2010-08-24,1051.870,0.318,0.329
2010-08-23,1067.360,0.084,-1.451
2010-08-20,1071.690,0.148,-0.404
2010-08-19,1075.630,0.094,-0.366
2010-08-18,1094.160,-0.484,-1.694
2010-08-17,1092.540,0.140,0.148
2010-08-16,1079.380,0.093,1.219
2010-08-13,1079.250,0.177,0.012
2010-08-12,1083.610,0.168,-0.402
2010-08-11,1089.470,0.174,-0.538
2010-08-10,1121.060,0.139,-2.818
2010-08-09,1127.790,-0.162,-0.597
2010-08-06,1121.640,-0.683,0.548
2010-08-05,1125.810,0.391,-0.370
2010-08-04,1127.240,-0.012,-0.127
2010-08-03,1120.460,-0.215,0.605
2010-08-02,1125.860,0.035,-0.480
2010-07-30,1101.600,0.214,2.202
2010-07-29,1101.530,0.129,0.006
2010-07-28,1106.130,-0.112,-0.416
2010-07-27,1113.840,-0.084,-0.692
2010-07-26,1115.010,-0.058,-0.105
2010-07-23,1102.660,0.029,1.120
2010-07-22,1093.670,-0.159,0.822
2010-07-21,1069.590,0.031,2.251
2010-07-20,1083.480,-0.372,-1.282
2010-07-19,1071.250,-0.324,1.142
2010-07-16,1064.880,-0.050,0.598
2010-07-15,1096.480,0.139,-2.882
2010-07-14,1095.170,0.124,0.120
2010-07-13,1095.340,-0.023,-0.016
2010-07-12,1078.750,0.009,1.538
2010-07-09,1077.960,0.065,0.073
2010-07-08,1070.250,0.179,0.720
2010-07-07,1060.270,0.148,0.941
2010-07-06,1028.060,-0.215,3.133
2010-07-02,1022.580,0.123,0.536
2010-07-01,1027.370,0.038,-0.466
2010-06-30,1030.710,0.057,-0.324
2010-06-29,1041.240,0.082,-1.011
2010-06-28,1074.570,0.096,-3.102
2010-06-25,1076.760,0.125,-0.203
2010-06-24,1073.690,0.018,0.286
2010-06-23,1092.040,-0.372,-1.680
2010-06-22,1095.310,-0.233,-0.299
2010-06-21,1113.200,0.204,-1.607
2010-06-18,1117.510,-0.087,-0.386
2010-06-17,1116.040,0.221,0.132
2010-06-16,1114.610,0.025,0.128
2010-06-15,1115.230,0.139,-0.056
2010-06-14,1089.630,0.105,2.349
2010-06-11,1091.600,-0.068,-0.180
2010-06-10,1086.840,-0.092,0.438
2010-06-09,1055.690,0.135,2.951
2010-06-08,1062.000,-0.000,-0.594
2010-06-07,1050.470,-0.023,1.098
2010-06-04,1064.880,0.103,-1.353
2010-06-03,1102.830,-0.329,-3.441
2010-06-02,1098.380,0.341,0.405
2010-06-01,1070.710,-0.104,2.584
2010-05-28,1089.410,0.024,-1.717
2010-05-27,1103.060,-0.023,-1.237
2010-05-26,1067.950,0.143,3.288
2010-05-25,1074.030,0.289,-0.566
2010-05-24,1073.650,-0.065,0.035
2010-05-21,1087.690,0.019,-1.291
2010-05-20,1071.590,-0.011,1.502
2010-05-19,1115.050,-0.261,-3.898
2010-05-18,1120.800,-0.221,-0.513
2010-05-17,1136.940,0.252,-1.420
2010-05-14,1135.680,0.186,0.111
2010-05-13,1157.440,0.051,-1.880
2010-05-12,1171.670,0.075,-1.215
2010-05-11,1155.790,0.014,1.374
2010-05-10,1159.730,-0.057,-0.340
2010-05-07,1110.880,0.014,4.397
2010-05-06,1128.150,-0.005,-1.531
2010-05-05,1165.870,0.464,-3.235
2010-05-04,1173.600,0.120,-0.659
2010-05-03,1202.260,0.271,-2.384
2010-04-30,1186.690,0.177,1.312
2010-04-29,1206.780,0.040,-1.665
2010-04-28,1191.360,-0.043,1.294
2010-04-27,1183.710,0.138,0.646
2010-04-26,1212.050,-0.573,-2.338
2010-04-23,1217.280,-0.078,-0.430
2010-04-22,1208.670,-0.039,0.712
2010-04-21,1205.940,-0.178,0.226
2010-04-20,1207.170,-0.240,-0.102
2010-04-19,1197.520,0.357,0.806
2010-04-16,1192.130,0.180,0.452
2010-04-15,1211.670,0.031,-1.613
2010-04-14,1210.650,0.351,0.084
2010-04-13,1197.300,0.147,1.115
2010-04-12,1196.480,-0.403,0.069
2010-04-09,1194.370,-0.295,0.177
2010-04-08,1186.440,-0.463,0.668
2010-04-07,1182.450,-0.205,0.337
2010-04-06,1189.440,-0.114,-0.588
2010-04-05,1187.440,0.001,0.168
2010-04-01,1178.100,-0.033,0.793
2010-03-31,1169.430,0.486,0.741
2010-03-30,1173.270,-0.036,-0.327
2010-03-29,1173.220,-0.015,0.004
2010-03-26,1166.590,0.042,0.568
2010-03-25,1165.730,0.532,0.074
2010-03-24,1167.720,0.323,-0.170
2010-03-23,1174.170,-0.008,-0.549
2010-03-22,1165.810,0.136,0.717
2010-03-19,1159.900,0.161,0.510
2010-03-18,1165.830,-0.496,-0.509
2010-03-17,1166.210,-0.100,-0.033
2010-03-16,1159.460,-0.107,0.582
2010-03-15,1150.510,-0.024,0.778
2010-03-12,1149.990,0.245,0.045
2010-03-11,1150.240,-0.223,-0.022
2010-03-10,1145.610,-0.307,0.404
2010-03-09,1140.450,-0.637,0.452
2010-03-08,1138.500,-0.439,0.171
2010-03-05,1138.700,-0.107,-0.018
2010-03-04,1122.970,0.070,1.401
2010-03-03,1118.790,0.069,0.374
2010-03-02,1118.310,-0.107,0.043
2010-03-01,1115.710,-0.221,0.233
2010-02-26,1104.490,0.379,1.016
2010-02-25,1102.940,-0.231,0.141
2010-02-24,1105.240,-0.245,-0.208
2010-02-23,1094.600,0.153,0.972
2010-02-22,1108.010,-0.136,-1.210
2010-02-19,1109.170,0.036,-0.105
2010-02-18,1106.750,0.051,0.219
2010-02-17,1099.510,0.050,0.658
2010-02-16,1094.870,0.063,0.424
2010-02-12,1075.510,0.110,1.800
2010-02-11,1078.470,0.024,-0.274
2010-02-10,1068.130,-0.127,0.968
2010-02-09,1070.520,-0.956,-0.223
2010-02-08,1056.740,0.430,1.304
2010-02-05,1066.190,-0.030,-0.886
2010-02-04,1063.110,-0.084,0.290
2010-02-03,1097.280,0.382,-3.114
2010-02-02,1103.320,0.160,-0.547
2010-02-01,1089.190,0.101,1.297
2010-01-29,1073.870,0.010,1.427
2010-01-28,1084.530,0.193,-0.983
2010-01-27,1097.500,0.208,-1.182
2010-01-26,1092.170,0.075,0.488
2010-01-25,1096.780,0.184,-0.420
2010-01-22,1091.760,0.284,0.460
2010-01-21,1116.480,-0.128,-2.214
2010-01-20,1138.040,-0.335,-1.894
2010-01-19,1150.230,0.171,-1.060
2010-01-15,1136.030,-0.230,1.250
2010-01-14,1148.460,0.134,-1.082
2010-01-13,1145.680,0.054,0.243
2010-01-12,1136.220,0.072,0.833
2010-01-11,1146.980,-0.338,-0.938
2010-01-08,1144.980,-0.072,0.175
2010-01-07,1141.690,0.262,0.288
2010-01-06,1137.140,0.267,0.400
2010-01-05,1136.520,0.290,0.055
2010-01-04,1132.990,0.346,0.312
2009-12-31,1115.100,-0.014,1.604
2009-12-30,1126.420,-0.629,-1.005
2009-12-29,1126.200,-0.309,0.020
2009-12-28,1127.780,-0.120,-0.140
2009-12-24,1126.480,0.047,0.115
2009-12-23,1120.590,-0.178,0.526
2009-12-22,1118.020,-0.108,0.230
2009-12-21,1114.050,-0.078,0.356
2009-12-18,1102.470,0.172,1.050
2009-12-17,1096.080,0.257,0.583
2009-12-16,1109.180,0.183,-1.181
2009-12-15,1107.930,0.079,0.113
2009-12-14,1114.110,0.041,-0.555
2009-12-11,1106.410,0.166,0.696
2009-12-10,1102.350,0.215,0.368
2009-12-09,1095.950,0.418,0.584
2009-12-08,1091.940,0.299,0.367
2009-12-07,1103.250,-0.002,-1.025
2009-12-04,1105.980,0.097,-0.247
2009-12-03,1099.920,0.081,0.551
2009-12-02,1109.240,0.103,-0.840
2009-12-01,1108.860,0.282,0.034
2009-11-30,1095.630,-0.126,1.208
2009-11-27,1091.490,0.250,0.379
2009-11-25,1110.630,-0.211,-1.723
2009-11-24,1105.650,-0.126,0.450
2009-11-23,1106.240,-0.130,-0.053
2009-11-20,1091.380,0.195,1.362
2009-11-19,1094.900,0.412,-0.321
2009-11-18,1109.800,0.203,-1.343
2009-11-17,1110.320,0.110,-0.047
2009-11-16,1109.300,-0.005,0.092
2009-11-13,1093.480,0.370,1.447
2009-11-12,1087.240,-0.021,0.574
2009-11-11,1098.510,0.101,-1.026
2009-11-10,1093.010,0.040,0.503
2009-11-09,1093.080,0.000,-0.006
2009-11-06,1069.300,0.380,2.224
2009-11-05,1066.630,0.321,0.250
2009-11-04,1046.500,0.453,1.924
2009-11-03,1045.410,0.114,0.104
2009-11-02,1042.880,0.248,0.243
2009-10-30,1036.190,-0.001,0.646
2009-10-29,1066.110,0.164,-2.806
2009-10-28,1042.630,0.041,2.252
2009-10-27,1063.410,0.032,-1.954
2009-10-26,1066.950,0.312,-0.332
2009-10-23,1079.600,0.135,-1.172
2009-10-22,1092.910,-0.378,-1.218
2009-10-21,1081.400,-0.020,1.064
2009-10-20,1091.060,-0.127,-0.885
2009-10-19,1097.910,0.097,-0.624
2009-10-16,1087.680,0.161,0.941
2009-10-15,1096.560,-0.060,-0.810
2009-10-14,1092.020,0.034,0.416
2009-10-13,1073.190,0.002,1.755
2009-10-12,1076.190,-0.326,-0.279
2009-10-09,1071.490,-0.064,0.439
2009-10-08,1065.480,0.199,0.564
2009-10-07,1057.580,0.028,0.747
2009-10-06,1054.720,0.028,0.271
2009-10-05,1040.460,0.088,1.371
2009-10-02,1025.210,0.271,1.488
2009-10-01,1029.850,0.079,-0.451
2009-09-30,1057.080,0.592,-2.576
2009-09-29,1060.610,0.025,-0.333
2009-09-28,1062.980,0.164,-0.223
2009-09-25,1044.380,0.381,1.781
2009-09-24,1050.780,-0.119,-0.609
2009-09-23,1060.870,0.169,-0.951
2009-09-22,1071.660,0.022,-1.007
2009-09-21,1064.660,0.366,0.657
2009-09-18,1068.300,-0.055,-0.341
2009-09-17,1065.490,-0.152,0.264
2009-09-16,1068.760,-0.060,-0.306
2009-09-15,1052.630,-0.148,1.532
2009-09-14,1049.340,-0.210,0.314
2009-09-11,1042.730,-0.054,0.634
2009-09-10,1044.140,-0.138,-0.135
2009-09-09,1033.370,-0.256,1.042
2009-09-08,1025.390,-0.117,0.778
2009-09-04,1016.400,-0.206,0.884
2009-09-03,1003.240,0.042,1.312
2009-09-02,994.750,0.469,0.853
2009-09-01,998.040,-0.102,-0.330
2009-08-31,1020.620,0.119,-2.212
2009-08-28,1028.930,0.206,-0.808
2009-08-27,1030.980,0.043,-0.199
2009-08-26,1028.120,-0.243,0.278
2009-08-25,1028.000,-0.266,0.012
2009-08-24,1025.570,-0.017,0.237
2009-08-21,1026.130,0.010,-0.055
2009-08-20,1007.370,-0.569,1.862
2009-08-19,996.460,-0.233,1.095
2009-08-18,989.670,0.035,0.686
2009-08-17,979.730,0.117,1.015
2009-08-14,1004.090,-0.125,-2.426
2009-08-13,1012.730,-0.391,-0.853
2009-08-12,1005.810,0.009,0.688
2009-08-11,994.350,0.086,1.153
2009-08-10,1007.100,0.084,-1.266
2009-08-07,1010.480,-0.304,-0.334
2009-08-06,997.080,0.505,1.344
2009-08-05,1002.720,0.172,-0.562
2009-08-04,1005.650,-0.196,-0.291
2009-08-03,1002.630,0.114,0.301
2009-07-31,987.480,-0.002,1.534
2009-07-30,986.750,0.007,0.074
2009-07-29,975.150,-0.140,1.190
2009-07-28,979.620,-0.210,-0.456
2009-07-27,982.180,-0.055,-0.261
2009-07-24,979.260,0.009,0.298
2009-07-23,976.290,-0.011,0.304
2009-07-22,954.070,0.071,2.329
2009-07-21,954.580,0.018,-0.053
2009-07-20,951.130,-0.030,0.363
2009-07-17,940.380,0.063,1.143
2009-07-16,940.740,0.080,-0.038
2009-07-15,932.680,0.020,0.864
2009-07-14,905.840,-0.048,2.963
2009-07-13,901.050,0.117,0.532
2009-07-10,879.130,0.206,2.493
2009-07-09,882.680,0.057,-0.402
2009-07-08,879.560,0.212,0.355
2009-07-07,881.030,0.502,-0.167
2009-07-06,898.720,0.244,-1.968
2009-07-02,896.420,-0.145,0.257
2009-07-01,923.330,0.139,-2.914
2009-06-30,919.320,-0.037,0.436
2009-06-29,927.230,0.092,-0.853
2009-06-26,918.900,0.198,0.907
2009-06-25,920.260,0.129,-0.148
2009-06-24,900.940,0.071,2.144
2009-06-23,895.100,0.183,0.652
2009-06-22,893.040,0.102,0.231
2009-06-19,921.230,-0.053,-3.060
2009-06-18,918.370,-0.096,0.311
2009-06-17,910.710,-0.018,0.841
2009-06-16,911.970,-0.073,-0.138
2009-06-15,923.720,0.325,-1.272
2009-06-12,946.210,-0.009,-2.377
2009-06-11,944.890,-0.070,0.140
2009-06-10,939.150,-0.266,0.611
2009-06-09,942.430,-0.468,-0.348
2009-06-08,939.140,0.022,0.350
2009-06-05,940.090,-0.123,-0.101
2009-06-04,942.460,0.119,-0.251
2009-06-03,931.760,0.192,1.148
2009-06-02,944.740,0.013,-1.374
2009-06-01,942.870,0.055,0.198
2009-05-29,919.140,0.243,2.582
2009-05-28,906.830,-0.281,1.357
2009-05-27,893.060,0.007,1.542
2009-05-26,910.330,0.098,-1.897
2009-05-22,887.000,-0.263,2.630
2009-05-21,888.330,-0.275,-0.150
2009-05-20,903.470,-0.125,-1.676
2009-05-19,908.130,-0.302,-0.513
2009-05-18,909.710,-0.121,-0.174
2009-05-15,882.880,0.064,3.039
2009-05-14,893.070,-0.153,-1.141
2009-05-13,883.920,-0.098,1.035
2009-05-12,908.350,0.085,-2.689
2009-05-11,909.240,-0.093,-0.098
2009-05-08,929.230,0.009,-2.151
2009-05-07,907.390,-0.052,2.407
2009-05-06,919.530,-0.085,-1.320
2009-05-05,903.800,-0.142,1.740
2009-05-04,907.240,-0.038,-0.379
2009-05-01,877.520,0.509,3.387
2009-04-30,872.810,-0.052,0.540
2009-04-29,873.640,-0.114,-0.095
2009-04-28,855.160,-0.229,2.161
2009-04-27,857.510,-0.241,-0.274
2009-04-24,866.230,0.013,-1.007
2009-04-23,851.920,-0.869,1.680
2009-04-22,843.550,0.083,0.992
2009-04-21,850.080,-0.088,-0.768
2009-04-20,832.390,0.015,2.125
2009-04-17,869.600,-0.027,-4.279
2009-04-16,865.300,0.021,0.497
2009-04-15,852.060,0.075,1.554
2009-04-14,841.500,0.066,1.255
2009-04-13,858.730,0.002,-2.006
2009-04-09,856.560,0.001,0.253
2009-04-08,825.160,-0.219,3.805
2009-04-07,815.550,0.044,1.178
2009-04-06,835.480,-0.135,-2.385
2009-04-03,842.500,0.007,-0.833
2009-04-02,834.380,-0.024,0.973
2009-04-01,811.080,0.003,2.873
2009-03-31,797.870,0.247,1.656
2009-03-30,787.530,0.091,1.313
2009-03-27,815.940,0.009,-3.482
2009-03-26,832.860,0.004,-2.032
2009-03-25,813.880,-0.200,2.332
2009-03-24,806.120,0.001,0.963
2009-03-23,822.920,0.004,-2.042
2009-03-20,768.540,0.006,7.076
2009-03-19,784.040,0.004,-1.977
2009-03-18,794.350,0.001,-1.298
2009-03-17,778.120,0.002,2.086
2009-03-16,753.890,-0.042,3.214
2009-03-13,756.550,0.002,-0.352
2009-03-12,750.740,0.004,0.774
2009-03-11,721.360,-0.002,4.073
2009-03-10,719.600,-0.003,0.245
2009-03-09,676.530,0.003,6.366
2009-03-06,683.380,0.002,-1.002
2009-03-05,682.550,0.003,0.122
2009-03-04,712.870,0.011,-4.253
2009-03-03,696.330,0.011,2.375
2009-03-02,700.820,0.011,-0.641
2009-02-27,735.090,0.047,-4.662
2009-02-26,752.830,0.015,-2.356
2009-02-25,764.900,0.014,-1.578
2009-02-24,773.140,0.011,-1.066
2009-02-23,743.330,0.002,4.010
2009-02-20,770.050,-0.000,-3.470
2009-02-19,778.940,0.002,-1.141
2009-02-18,788.420,-0.012,-1.202
2009-02-17,789.170,-0.067,-0.095
2009-02-13,826.840,0.033,-4.556
2009-02-12,835.190,-0.032,-1.000
2009-02-11,833.740,0.029,0.174
2009-02-10,827.160,0.011,0.795
2009-02-09,869.890,0.071,-4.912
2009-02-06,868.600,-0.001,0.149
2009-02-05,845.850,0.227,2.690
2009-02-04,832.230,-0.239,1.637
2009-02-03,838.510,-0.035,-0.749
2009-02-02,825.440,-0.148,1.583
2009-01-30,825.880,0.030,-0.053
2009-01-29,845.140,0.126,-2.279
2009-01-28,874.090,0.022,-3.312
2009-01-27,845.710,0.011,3.356
2009-01-26,836.570,-0.037,1.093
2009-01-23,831.950,0.371,0.555
2009-01-22,827.500,0.027,0.538
2009-01-21,840.240,0.012,-1.516
2009-01-20,805.220,0.018,4.349
2009-01-16,850.120,0.019,-5.282
2009-01-15,843.740,0.025,0.756
2009-01-14,842.620,0.025,0.133
2009-01-13,871.790,-0.038,-3.346
2009-01-12,870.260,0.059,0.176
2009-01-09,890.350,0.033,-2.256
2009-01-08,909.730,0.018,-2.130
2009-01-07,906.650,0.019,0.340
2009-01-06,934.700,0.017,-3.001
2009-01-05,927.450,0.009,0.782
2009-01-02,931.800,-0.016,-0.467
2008-12-31,903.250,-0.069,3.161
2008-12-30,890.640,0.013,1.416
2008-12-29,869.420,0.065,2.441
2008-12-26,872.800,0.010,-0.387
2008-12-24,868.150,0.027,0.536
2008-12-23,863.160,0.025,0.578
2008-12-22,871.630,0.021,-0.972
2008-12-19,887.880,0.030,-1.830
2008-12-18,885.280,0.081,0.294
2008-12-17,904.420,0.018,-2.116
2008-12-16,913.180,0.025,-0.959
2008-12-15,868.570,-0.293,5.136
2008-12-12,879.730,0.093,-1.269
2008-12-11,873.590,0.030,0.703
2008-12-10,899.240,0.005,-2.852
2008-12-09,888.670,0.045,1.189
2008-12-08,909.700,0.023,-2.312
2008-12-05,876.070,0.023,3.839
2008-12-04,845.220,0.020,3.650
2008-12-03,870.740,0.020,-2.931
2008-12-02,848.810,0.020,2.584
2008-12-01,816.210,0.020,3.994
2008-11-28,896.240,0.020,-8.930
2008-11-26,887.680,0.020,0.964
2008-11-25,857.390,0.020,3.533
2008-11-24,851.810,0.020,0.655
2008-11-21,800.030,0.020,6.472
2008-11-20,752.440,0.020,6.325
2008-11-19,806.580,0.032,-6.712
2008-11-18,859.120,0.032,-6.116
2008-11-17,850.750,0.026,0.984
2008-11-14,873.290,0.032,-2.581
2008-11-13,911.290,0.032,-4.170
2008-11-12,852.300,0.032,6.921
2008-11-11,898.950,0.102,-5.189
2008-11-10,919.210,0.032,-2.204
2008-11-07,930.990,0.027,-1.265
2008-11-06,904.880,0.032,2.885
2008-11-05,952.770,0.034,-5.026
2008-11-04,1005.750,0.034,-5.268
2008-11-03,966.300,0.034,4.083
2008-10-31,968.750,0.034,-0.253
2008-10-30,954.090,0.034,1.537
2008-10-29,930.090,0.034,2.580
2008-10-28,940.510,0.034,-1.108
2008-10-27,848.920,0.034,10.789
2008-10-24,876.770,0.034,-3.176
2008-10-23,908.110,0.034,-3.451
2008-10-22,896.780,0.042,1.263
2008-10-21,955.050,0.042,-6.101
2008-10-20,985.400,0.042,-3.080
2008-10-17,940.550,0.042,4.768
2008-10-16,946.430,0.042,-0.621
2008-10-15,907.840,0.042,4.251
2008-10-14,998.010,0.042,-9.035
2008-10-13,1003.350,0.042,-0.532
2008-10-10,899.220,0.042,11.580
2008-10-09,909.920,0.042,-1.176
2008-10-08,984.940,0.048,-7.617
2008-10-07,996.230,0.048,-1.133
2008-10-06,1056.890,0.049,-5.739
2008-10-03,1099.230,0.049,-3.852
2008-10-02,1114.280,0.053,-1.351
2008-10-01,1161.060,0.048,-4.029
2008-09-30,1166.360,0.051,-0.454
2008-09-29,1106.420,0.048,5.417
2008-09-26,1213.270,0.053,-8.807
2008-09-25,1209.180,0.038,0.338
2008-09-24,1185.870,0.436,1.966
2008-09-23,1188.220,0.034,-0.198
2008-09-22,1207.090,-0.190,-1.563
2008-09-19,1255.080,0.046,-3.824
2008-09-18,1206.510,0.040,4.026
2008-09-17,1156.390,0.062,4.334
2008-09-16,1213.600,-0.001,-4.714
2008-09-15,1192.700,0.060,1.752
2008-09-12,1251.700,0.242,-4.714
2008-09-11,1249.050,-0.081,0.212
2008-09-10,1232.040,0.006,1.381
2008-09-09,1224.510,0.126,0.615
2008-09-08,1267.790,-0.102,-3.414
2008-09-05,1242.310,0.243,2.051
2008-09-04,1236.830,0.173,0.443
2008-09-03,1274.980,0.277,-2.992
2008-09-02,1277.580,0.039,-0.204
2008-08-29,1282.830,0.287,-0.409
2008-08-28,1300.680,0.135,-1.372
2008-08-27,1281.660,0.099,1.484
2008-08-26,1271.510,-0.029,0.798
2008-08-25,1266.840,-0.023,0.369
2008-08-22,1292.200,-0.550,-1.963
2008-08-21,1277.720,-0.205,1.133
2008-08-20,1274.540,0.076,0.250
2008-08-19,1266.690,0.652,0.620
2008-08-18,1278.600,0.096,-0.931
2008-08-15,1298.200,-0.018,-1.510
2008-08-14,1292.930,0.502,0.408
2008-08-13,1285.830,-0.035,0.552
2008-08-12,1289.590,-0.109,-0.292
2008-08-11,1305.320,0.106,-1.205
2008-08-08,1296.320,-0.030,0.694
2008-08-07,1266.070,0.149,2.389
2008-08-06,1289.190,-0.080,-1.793
2008-08-05,1284.880,0.067,0.335
2008-08-04,1249.010,-0.002,2.872
2008-08-01,1260.310,0.049,-0.897
2008-07-31,1267.380,0.212,-0.558
2008-07-30,1284.260,0.039,-1.314
2008-07-29,1263.200,-0.088,1.667
2008-07-28,1234.370,0.092,2.336
2008-07-25,1257.760,-0.208,-1.860
2008-07-24,1252.540,0.223,0.417
2008-07-23,1282.190,-0.110,-2.312
2008-07-22,1277.000,-0.078,0.406
2008-07-21,1260.000,0.026,1.349
2008-07-18,1260.680,0.108,-0.054
2008-07-17,1260.320,0.121,0.029
2008-07-16,1245.360,0.135,1.201
2008-07-15,1214.910,0.140,2.506
2008-07-14,1228.300,0.235,-1.090
2008-07-11,1239.490,-0.020,-0.903
2008-07-10,1253.390,0.062,-1.109
2008-07-09,1244.690,0.089,0.699
2008-07-08,1273.700,0.044,-2.278
2008-07-07,1252.310,0.078,1.708
2008-07-03,1262.900,0.193,-0.839
2008-07-02,1261.520,0.086,0.109
2008-07-01,1284.910,-0.002,-1.820
2008-06-30,1280.000,-0.194,0.384
2008-06-27,1278.380,0.505,0.127
2008-06-26,1283.150,0.278,-0.372
2008-06-25,1321.970,-0.442,-2.937
2008-06-24,1314.290,0.014,0.584
2008-06-23,1318.000,-0.519,-0.281
2008-06-20,1317.930,-0.014,0.005
2008-06-19,1342.830,0.248,-1.854
2008-06-18,1337.810,-0.045,0.375
2008-06-17,1350.930,0.233,-0.971
2008-06-16,1360.140,0.047,-0.677
2008-06-13,1360.030,0.137,0.008
2008-06-12,1339.870,0.341,1.505
2008-06-11,1335.490,-0.123,0.328
2008-06-10,1358.440,-0.734,-1.689
2008-06-09,1361.760,-0.257,-0.244
2008-06-06,1360.680,0.043,0.079
2008-06-05,1404.050,-0.139,-3.089
2008-06-04,1377.200,0.510,1.950
2008-06-03,1377.650,0.083,-0.033
2008-06-02,1385.670,0.412,-0.579
2008-05-30,1400.380,0.042,-1.050
2008-05-29,1398.260,0.037,0.152
2008-05-28,1390.840,-0.159,0.533
2008-05-27,1385.350,-0.132,0.396
2008-05-23,1375.930,0.240,0.685
2008-05-22,1394.350,0.331,-1.321
2008-05-21,1390.710,0.464,0.262
2008-05-20,1413.400,-0.131,-1.605
2008-05-19,1426.630,-0.068,-0.927
2008-05-16,1425.350,0.675,0.090
2008-05-15,1423.570,0.394,0.125
2008-05-14,1408.660,0.507,1.058
2008-05-13,1403.040,0.410,0.401
2008-05-12,1403.580,0.022,-0.038
2008-05-09,1388.280,0.228,1.102
2008-05-08,1397.680,-0.285,-0.673
2008-05-07,1392.570,0.433,0.367
2008-05-06,1418.260,-0.106,-1.811
2008-05-05,1407.490,0.393,0.765
2008-05-02,1413.900,0.310,-0.453
2008-05-01,1409.340,0.441,0.324
2008-04-30,1385.590,-0.220,1.714
2008-04-29,1390.940,0.131,-0.385
2008-04-28,1396.370,-0.344,-0.389
2008-04-25,1397.840,-0.139,-0.105
2008-04-24,1388.820,0.010,0.649
2008-04-23,1379.930,-0.110,0.644
2008-04-22,1375.940,0.058,0.290
2008-04-21,1388.170,-0.041,-0.881
2008-04-18,1390.330,0.048,-0.155
2008-04-17,1365.560,0.053,1.814
2008-04-16,1364.710,-0.118,0.062
2008-04-15,1334.430,0.416,2.269
2008-04-14,1328.320,0.209,0.460
2008-04-11,1332.830,-0.331,-0.338
2008-04-10,1360.550,0.323,-2.037
2008-04-09,1354.490,0.245,0.447
2008-04-08,1365.540,-0.240,-0.809
2008-04-07,1372.540,-0.254,-0.510
2008-04-04,1370.400,0.242,0.156
2008-04-03,1369.310,0.179,0.080
2008-04-02,1367.530,0.078,0.130
2008-04-01,1370.180,0.011,-0.193
2008-03-31,1322.700,0.254,3.590
2008-03-28,1315.220,0.028,0.569
2008-03-27,1325.760,-0.052,-0.795
2008-03-26,1341.130,-0.077,-1.146
2008-03-25,1352.990,-0.036,-0.877
2008-03-24,1349.880,-0.008,0.230
2008-03-20,1329.510,-0.035,1.532
2008-03-19,1298.420,0.061,2.394
2008-03-18,1330.740,0.035,-2.429
2008-03-17,1276.600,-0.013,4.241
2008-03-14,1288.140,-0.056,-0.896
2008-03-13,1315.480,-0.158,-2.078
2008-03-12,1308.770,0.152,0.513
2008-03-11,1320.650,0.052,-0.900
2008-03-10,1273.370,0.306,3.713
2008-03-07,1293.370,0.105,-1.546
2008-03-06,1304.340,0.266,-0.841
2008-03-05,1333.700,-0.069,-2.201
2008-03-04,1326.750,0.014,0.524
2008-03-03,1331.340,0.019,-0.345
2008-02-29,1330.630,0.160,0.053
2008-02-28,1367.680,0.174,-2.709
2008-02-27,1380.020,-0.134,-0.894
2008-02-26,1381.290,-0.291,-0.092
2008-02-25,1371.800,-0.138,0.692
2008-02-22,1353.110,-0.393,1.381
2008-02-21,1342.530,-0.114,0.788
2008-02-20,1360.030,-0.211,-1.287
2008-02-19,1348.780,-0.337,0.834
2008-02-15,1349.990,0.295,-0.090
2008-02-14,1348.860,-0.007,0.084
2008-02-13,1367.210,0.128,-1.342
2008-02-12,1348.860,0.155,1.360
2008-02-11,1339.130,0.087,0.727
2008-02-08,1331.290,0.131,0.589
2008-02-07,1336.910,0.034,-0.420
2008-02-06,1326.450,0.179,0.789
2008-02-05,1336.640,0.035,-0.762
2008-02-04,1380.820,-0.087,-3.200
2008-02-01,1395.420,0.047,-1.046
2008-01-31,1378.550,0.091,1.224
2008-01-30,1355.810,-0.032,1.677
2008-01-29,1362.300,0.080,-0.476
2008-01-28,1353.960,0.012,0.616
2008-01-25,1330.610,0.054,1.755
2008-01-24,1352.070,0.108,-1.587
2008-01-23,1338.600,0.164,1.006
2008-01-22,1310.500,0.079,2.144
2008-01-18,1325.190,0.082,-1.109
2008-01-17,1333.250,0.072,-0.605
2008-01-16,1373.200,0.148,-2.909
2008-01-15,1380.950,0.282,-0.561
2008-01-14,1416.250,0.204,-2.492
2008-01-11,1401.020,0.384,1.087
2008-01-10,1420.330,0.271,-1.360
2008-01-09,1409.130,0.161,0.795
2008-01-08,1390.190,0.168,1.362
2008-01-07,1416.180,0.376,-1.835
2008-01-04,1411.630,0.162,0.322
2008-01-03,1447.160,0.171,-2.455
2008-01-02,1447.160,0.049,0.000
2007-12-31,1468.360,0.115,-1.444
2007-12-28,1478.490,0.135,-0.685
2007-12-27,1476.270,-0.219,0.150
2007-12-26,1497.660,-0.244,-1.428
2007-12-24,1496.450,0.056,0.081
2007-12-21,1484.460,-0.090,0.808
2007-12-20,1460.120,0.167,1.667
2007-12-19,1453.000,0.048,0.490
2007-12-18,1454.980,0.014,-0.136
2007-12-17,1445.900,0.068,0.628
2007-12-14,1467.950,0.035,-1.502
2007-12-13,1488.410,0.105,-1.375
2007-12-12,1486.590,-0.490,0.122
2007-12-11,1477.650,-0.258,0.605
2007-12-10,1515.960,-0.025,-2.527
2007-12-07,1504.660,-0.359,0.751
2007-12-06,1507.340,-0.236,-0.178
2007-12-05,1485.010,0.301,1.504
2007-12-04,1462.790,0.213,1.519
2007-12-03,1472.420,0.240,-0.654
2007-11-30,1481.140,-0.064,-0.589
2007-11-29,1469.720,0.056,0.777
2007-11-28,1469.020,-0.003,0.048
2007-11-27,1428.230,-0.006,2.856
2007-11-26,1407.220,0.154,1.493
2007-11-23,1440.700,0.013,-2.324
2007-11-21,1416.770,0.051,1.689
2007-11-20,1439.700,-0.057,-1.593
2007-11-19,1433.270,0.394,0.449
2007-11-16,1458.740,0.118,-1.746
2007-11-15,1451.150,0.275,0.523
2007-11-14,1470.580,-0.089,-1.321
2007-11-13,1481.050,0.487,-0.707
2007-11-12,1439.180,0.057,2.909
2007-11-09,1453.700,0.104,-0.999
2007-11-08,1474.770,0.148,-1.429
2007-11-07,1475.620,0.137,-0.058
2007-11-06,1520.270,0.130,-2.937
2007-11-05,1502.170,0.371,1.205
2007-11-02,1509.650,0.212,-0.495
2007-11-01,1508.440,0.214,0.080
2007-10-31,1549.380,0.037,-2.642
2007-10-30,1531.020,0.144,1.199
2007-10-29,1540.980,0.145,-0.646
2007-10-26,1535.280,-0.510,0.371
2007-10-25,1514.400,-0.079,1.379
2007-10-24,1515.880,-0.005,-0.098
2007-10-23,1519.590,-0.346,-0.244
2007-10-22,1506.330,-0.249,0.880
2007-10-19,1500.630,0.247,0.380
2007-10-18,1540.080,-0.097,-2.562
2007-10-17,1541.240,-0.227,-0.075
2007-10-16,1538.530,0.123,0.176
2007-10-15,1548.710,0.290,-0.657
2007-10-12,1561.800,0.009,-0.838
2007-10-11,1554.410,0.197,0.475
2007-10-10,1562.470,0.061,-0.516
2007-10-09,1565.150,-0.278,-0.171
2007-10-08,1552.580,-0.261,0.810
2007-10-05,1557.590,-0.230,-0.322
2007-10-04,1542.840,-0.209,0.956
2007-10-03,1539.590,0.085,0.211
2007-10-02,1546.630,0.219,-0.455
2007-10-01,1547.040,0.567,-0.027
2007-09-28,1526.750,0.091,1.329
2007-09-27,1531.380,-0.271,-0.302
2007-09-26,1525.420,0.041,0.391
2007-09-25,1517.210,-0.028,0.541
2007-09-24,1517.730,-0.352,-0.034
2007-09-21,1525.750,-0.043,-0.526
2007-09-20,1518.750,-0.038,0.461
2007-09-19,1529.030,-0.058,-0.672
2007-09-18,1519.780,-0.035,0.609
2007-09-17,1476.650,-0.005,2.921
2007-09-14,1484.250,-0.247,-0.512
2007-09-13,1483.950,-0.421,0.020
2007-09-12,1471.560,0.186,0.842
2007-09-11,1471.490,-0.030,0.005
2007-09-10,1451.700,0.113,1.363
2007-09-07,1453.550,-0.293,-0.127
2007-09-06,1478.550,0.088,-1.691
2007-09-05,1472.290,0.267,0.425
2007-09-04,1489.420,0.244,-1.150
2007-08-31,1473.990,-0.046,1.047
2007-08-30,1457.640,-0.180,1.122
2007-08-29,1463.760,0.243,-0.418
2007-08-28,1432.360,0.034,2.192
2007-08-27,1466.790,0.046,-2.347
2007-08-24,1479.370,-0.295,-0.850
2007-08-23,1462.500,-0.714,1.154
2007-08-22,1464.070,-0.131,-0.107
2007-08-21,1447.120,-0.677,1.171
2007-08-20,1445.550,0.373,0.109
2007-08-17,1445.940,0.148,-0.027
2007-08-16,1411.270,0.412,2.457
2007-08-15,1406.700,0.331,0.325
2007-08-14,1426.540,0.243,-1.391
2007-08-13,1452.920,0.323,-1.816
2007-08-10,1453.640,0.111,-0.050
2007-08-09,1453.090,0.071,0.038
2007-08-08,1497.490,0.054,-2.965
2007-08-07,1476.710,-0.061,1.407
2007-08-06,1467.670,0.040,0.616
2007-08-03,1433.060,0.081,2.415
2007-08-02,1472.200,0.150,-2.659
2007-08-01,1465.810,0.191,0.436
2007-07-31,1455.270,0.101,0.724
2007-07-30,1473.910,0.180,-1.265
2007-07-27,1458.950,0.053,1.025
2007-07-26,1482.660,-0.012,-1.599
2007-07-25,1518.090,-0.032,-2.334
2007-07-24,1511.040,0.454,0.467
2007-07-23,1541.570,-0.202,-1.980
2007-07-20,1534.100,-0.158,0.487
2007-07-19,1553.080,-0.301,-1.222
2007-07-18,1546.170,-0.233,0.447
2007-07-17,1549.370,-0.345,-0.207
2007-07-16,1549.520,-0.027,-0.010
2007-07-13,1552.500,-0.242,-0.192
2007-07-12,1547.700,0.301,0.310
2007-07-11,1518.760,-0.166,1.906
2007-07-10,1510.120,-0.042,0.572
2007-07-09,1531.850,-0.528,-1.419
2007-07-06,1530.440,-0.341,0.092
2007-07-05,1525.400,0.012,0.330
2007-07-03,1524.870,0.147,0.035
2007-07-02,1519.430,-0.105,0.358
2007-06-29,1503.350,-0.326,1.070
2007-06-28,1505.710,-0.515,-0.157
2007-06-27,1506.340,-0.202,-0.042
2007-06-26,1492.890,0.063,0.901
2007-06-25,1497.740,0.101,-0.324
2007-06-22,1502.560,-0.466,-0.321
2007-06-21,1522.190,-0.243,-1.290
2007-06-20,1512.840,-0.134,0.618
2007-06-19,1533.700,-0.203,-1.360
2007-06-18,1531.050,-0.090,0.173
2007-06-15,1532.910,0.171,-0.121
2007-06-14,1522.970,-0.062,0.653
2007-06-13,1515.670,-0.038,0.482
2007-06-12,1493.000,-0.071,1.518
2007-06-11,1509.120,-0.380,-1.068
2007-06-08,1507.670,-0.411,0.096
2007-06-07,1490.720,0.334,1.137
2007-06-06,1517.380,-0.115,-1.757
2007-06-05,1530.950,-0.125,-0.886
2007-06-04,1539.180,0.008,-0.535
2007-06-01,1536.340,0.084,0.185
2007-05-31,1530.620,0.669,0.374
2007-05-30,1530.230,-0.072,0.025
2007-05-29,1518.110,-0.178,0.798
2007-05-25,1515.730,0.005,0.157
2007-05-24,1507.510,-0.316,0.545
2007-05-23,1522.280,0.286,-0.970
2007-05-22,1524.120,-0.406,-0.121
2007-05-21,1525.100,-0.374,-0.064
2007-05-18,1522.750,-0.349,0.154
2007-05-17,1512.750,-0.451,0.661
2007-05-16,1514.140,-0.492,-0.092
2007-05-15,1501.190,0.496,0.863
2007-05-14,1503.150,0.590,-0.130
2007-05-11,1505.850,0.061,-0.179
2007-05-10,1491.470,0.389,0.964
2007-05-09,1512.580,-0.414,-1.396
2007-05-08,1507.720,-0.460,0.322
2007-05-07,1509.480,-0.042,-0.117
2007-05-04,1505.620,-0.034,0.256
2007-05-03,1502.390,0.208,0.215
2007-05-02,1495.920,0.258,0.433
2007-05-01,1486.300,0.304,0.647
2007-04-30,1482.370,0.501,0.265
2007-04-27,1494.070,-0.229,-0.783
2007-04-26,1494.250,-0.676,-0.012
2007-04-25,1495.420,-0.466,-0.078
2007-04-24,1480.410,-0.113,1.014
2007-04-23,1480.930,-0.224,-0.035
2007-04-20,1484.350,-0.183,-0.230
2007-04-19,1470.730,-0.330,0.926
2007-04-18,1472.500,-0.515,-0.120
2007-04-17,1471.480,-0.461,0.069
2007-04-16,1468.330,-0.121,0.215
2007-04-13,1452.850,-0.231,1.065
2007-04-12,1447.800,-0.064,0.349
2007-04-11,1438.870,-0.212,0.621
2007-04-10,1448.390,-0.214,-0.657
2007-04-09,1444.610,-0.133,0.262
2007-04-05,1443.760,-0.181,0.059
2007-04-04,1439.370,-0.280,0.305
2007-04-03,1437.770,-0.110,0.111
2007-04-02,1424.550,-0.149,0.928
2007-03-30,1420.860,0.037,0.260
2007-03-29,1422.530,0.110,-0.117
2007-03-28,1417.230,0.086,0.374
2007-03-27,1428.610,-0.000,-0.797
2007-03-26,1437.500,-0.106,-0.618
2007-03-23,1436.110,-0.050,0.097
2007-03-22,1434.540,-0.057,0.109
2007-03-21,1435.040,-0.322,-0.035
2007-03-20,1410.940,-0.445,1.708
2007-03-19,1402.060,-0.167,0.633
2007-03-16,1386.950,-0.433,1.089
2007-03-15,1392.280,-0.122,-0.383
2007-03-14,1387.170,0.146,0.368
2007-03-13,1377.950,0.127,0.669
2007-03-12,1406.600,0.649,-2.037
2007-03-09,1402.840,0.322,0.268
2007-03-08,1401.890,-0.006,0.068
2007-03-07,1391.970,-0.046,0.713
2007-03-06,1395.410,-0.091,-0.247
2007-03-05,1374.120,0.136,1.549
2007-03-02,1387.170,0.132,-0.941
2007-03-01,1403.170,0.022,-1.140
2007-02-28,1406.820,0.182,-0.259
2007-02-27,1399.040,0.130,0.556
2007-02-26,1449.370,-0.152,-3.473
2007-02-23,1451.190,0.331,-0.125
2007-02-22,1456.380,0.347,-0.356
2007-02-21,1457.630,0.213,-0.086
2007-02-20,1459.680,0.181,-0.140
2007-02-16,1455.540,0.078,0.284
2007-02-15,1456.810,0.209,-0.087
2007-02-14,1455.300,0.193,0.104
2007-02-13,1444.260,-0.058,0.764
2007-02-12,1433.370,0.105,0.760
2007-02-09,1438.060,-0.353,-0.326
2007-02-08,1448.310,-0.232,-0.708
2007-02-07,1450.020,-0.271,-0.118
2007-02-06,1448.000,-0.288,0.140
2007-02-05,1446.990,-0.158,0.070
2007-02-02,1448.390,0.211,-0.097
2007-02-01,1445.940,0.165,0.169
2007-01-31,1438.240,-0.088,0.535
2007-01-30,1428.820,0.011,0.659
2007-01-29,1420.620,0.398,0.577
2007-01-26,1422.180,0.463,-0.110
2007-01-25,1423.900,0.611,-0.121
2007-01-24,1440.130,-0.104,-1.127
2007-01-23,1427.990,-0.169,0.850
2007-01-22,1422.950,-0.024,0.354
2007-01-19,1430.500,-0.497,-0.528
2007-01-18,1426.370,-0.126,0.290
2007-01-17,1430.620,-0.157,-0.297
2007-01-16,1431.900,0.541,-0.089
2007-01-12,1430.730,0.340,0.082
2007-01-11,1423.820,-0.160,0.485
2007-01-10,1414.850,0.029,0.634
2007-01-09,1412.110,0.184,0.194
2007-01-08,1412.840,0.085,-0.052
2007-01-05,1409.710,0.315,0.222
2007-01-04,1418.340,0.013,-0.608
2007-01-03,1416.600,-0.195,0.123
2006-12-29,1418.300,-0.294,-0.120
2006-12-28,1424.730,0.040,-0.451
2006-12-27,1426.840,0.558,-0.148
2006-12-26,1416.900,0.644,0.702
2006-12-22,1410.760,0.278,0.435
2006-12-21,1418.300,0.139,-0.532
2006-12-20,1423.530,0.127,-0.367
2006-12-19,1425.550,0.323,-0.142
2006-12-18,1422.480,0.037,0.216
2006-12-15,1427.090,-0.197,-0.323
2006-12-14,1425.490,0.008,0.112
2006-12-13,1413.210,0.445,0.869
2006-12-12,1411.560,0.307,0.117
2006-12-11,1413.040,0.096,-0.105
2006-12-08,1409.840,0.182,0.227
2006-12-07,1407.290,0.083,0.181
2006-12-06,1412.900,0.034,-0.397
2006-12-05,1414.760,-0.338,-0.131
2006-12-04,1409.120,-0.163,0.400
2006-12-01,1396.710,0.231,0.889
2006-11-30,1400.630,0.110,-0.280
2006-11-29,1399.480,0.178,0.082
2006-11-28,1386.720,0.270,0.920
2006-11-27,1381.960,0.022,0.344
2006-11-24,1400.950,-0.362,-1.356
2006-11-22,1406.090,-0.285,-0.366
2006-11-21,1402.810,-0.084,0.234
2006-11-20,1400.500,0.136,0.165
2006-11-17,1401.200,-0.151,-0.050
2006-11-16,1399.760,-0.028,0.103
2006-11-15,1396.570,-0.140,0.228
2006-11-14,1393.220,0.180,0.240
2006-11-13,1384.420,0.089,0.636
2006-11-10,1380.900,0.132,0.255
2006-11-09,1378.330,0.079,0.186
2006-11-08,1385.720,-0.087,-0.533
2006-11-07,1382.840,0.071,0.208
2006-11-06,1379.780,-0.146,0.222
2006-11-03,1364.300,-0.195,1.135
2006-11-02,1367.340,-0.212,-0.222
2006-11-01,1367.810,0.078,-0.034
2006-10-31,1377.940,-0.003,-0.735
2006-10-30,1377.930,0.138,0.001
2006-10-27,1377.340,-0.244,0.043
2006-10-26,1389.080,-0.132,-0.845
2006-10-25,1382.220,0.080,0.496
2006-10-24,1377.380,-0.318,0.351
2006-10-23,1377.020,-0.382,0.026
2006-10-20,1368.600,0.221,0.615
2006-10-19,1366.960,0.174,0.120
2006-10-18,1365.800,0.491,0.085
2006-10-17,1364.050,0.731,0.128
2006-10-16,1369.060,0.422,-0.366
2006-10-13,1365.620,0.029,0.252
2006-10-12,1362.830,0.333,0.205
2006-10-11,1349.950,-0.129,0.954
2006-10-10,1353.420,-0.326,-0.256
2006-10-09,1350.660,-0.244,0.204
2006-10-06,1349.590,0.091,0.079
2006-10-05,1353.220,-0.251,-0.268
2006-10-04,1350.200,0.207,0.224
2006-10-03,1334.110,-0.256,1.206
2006-10-02,1331.320,-0.193,0.210
2006-09-29,1335.850,0.539,-0.339
2006-09-28,1338.880,0.620,-0.226
2006-09-27,1336.590,0.003,0.171
2006-09-26,1336.350,0.115,0.018
2006-09-25,1326.370,-0.257,0.752
2006-09-22,1314.780,-0.588,0.882
2006-09-21,1318.030,-0.092,-0.247
2006-09-20,1325.180,0.267,-0.540
2006-09-19,1317.640,-0.273,0.572
2006-09-18,1321.180,0.336,-0.268
2006-09-15,1319.660,-0.169,0.115
2006-09-14,1316.280,0.221,0.257
2006-09-13,1318.070,0.152,-0.136
2006-09-12,1313.000,0.134,0.386
2006-09-11,1299.540,0.061,1.036
2006-09-08,1298.920,-0.172,0.048
2006-09-07,1294.020,-0.339,0.379
2006-09-06,1300.260,-0.015,-0.480
2006-09-05,1313.250,-0.363,-0.989
2006-09-01,1311.010,0.263,0.171
2006-08-31,1303.820,0.488,0.551
2006-08-30,1305.370,0.156,-0.119
2006-08-29,1304.280,-0.153,0.084
2006-08-28,1301.780,-0.338,0.192
2006-08-25,1295.090,-0.375,0.517
2006-08-24,1296.060,0.051,-0.075
2006-08-23,1292.990,0.198,0.237
2006-08-22,1298.820,-0.022,-0.449
2006-08-21,1297.520,0.058,0.100
2006-08-18,1302.300,0.126,-0.367
2006-08-17,1297.480,-0.133,0.371
2006-08-16,1295.430,0.760,0.158
2006-08-15,1285.580,0.131,0.766
2006-08-14,1268.210,-0.136,1.370
2006-08-11,1266.740,-0.237,0.116
2006-08-10,1271.810,0.110,-0.399
2006-08-09,1265.950,-0.011,0.463
2006-08-08,1271.480,-0.094,-0.435
2006-08-07,1275.770,-0.207,-0.336
2006-08-04,1279.360,0.591,-0.281
2006-08-03,1280.270,0.205,-0.071
2006-08-02,1277.410,-0.427,0.224
2006-08-01,1270.920,0.047,0.511
2006-07-31,1276.660,0.246,-0.450
2006-07-28,1278.550,-0.248,-0.148
2006-07-27,1263.200,0.235,1.215
2006-07-26,1268.400,-0.282,-0.410
2006-07-25,1268.880,-0.181,-0.038
2006-07-24,1260.910,0.134,0.632
2006-07-21,1240.290,-0.129,1.663
2006-07-20,1249.130,-0.081,-0.708
2006-07-19,1259.810,-0.335,-0.848
2006-07-18,1236.860,0.437,1.856
2006-07-17,1234.490,0.290,0.192
2006-07-14,1236.200,-0.261,-0.138
2006-07-13,1242.280,0.050,-0.489
2006-07-12,1258.600,-0.128,-1.297
2006-07-11,1272.430,0.065,-1.087
2006-07-10,1267.340,0.374,0.402
2006-07-07,1265.480,0.291,0.147
2006-07-06,1274.080,0.040,-0.675
2006-07-05,1270.910,-0.211,0.249
2006-07-03,1280.190,0.094,-0.725
2006-06-30,1270.200,0.024,0.786
2006-06-29,1272.870,0.091,-0.210
2006-06-28,1246.000,-0.028,2.157
2006-06-27,1239.200,0.137,0.549
2006-06-26,1250.560,-0.044,-0.908
2006-06-23,1244.500,-0.015,0.487
2006-06-22,1245.600,-0.523,-0.088
2006-06-21,1252.200,-0.263,-0.527
2006-06-20,1240.120,-0.543,0.974
2006-06-19,1240.130,-0.172,-0.001
2006-06-16,1251.540,-0.418,-0.912
2006-06-15,1256.160,0.114,-0.368
2006-06-14,1230.040,0.158,2.124
2006-06-13,1223.690,0.124,0.519
2006-06-12,1237.440,0.222,-1.111
2006-06-09,1252.300,0.081,-1.187
2006-06-08,1257.930,0.492,-0.448
2006-06-07,1256.150,0.520,0.142
2006-06-06,1263.850,-0.413,-0.609
2006-06-05,1265.290,-0.125,-0.114
2006-06-02,1288.220,0.165,-1.780
2006-06-01,1285.710,0.003,0.195
2006-05-31,1270.090,0.302,1.230
2006-05-30,1259.870,-0.131,0.811
2006-05-26,1280.160,0.067,-1.585
2006-05-25,1272.880,-0.074,0.572
2006-05-24,1258.570,-0.360,1.137
2006-05-23,1256.580,0.089,0.158
2006-05-22,1262.070,0.157,-0.435
2006-05-19,1267.030,0.214,-0.391
2006-05-18,1261.810,0.284,0.414
2006-05-17,1270.320,0.294,-0.670
2006-05-16,1292.080,0.320,-1.684
2006-05-15,1294.500,0.171,-0.187
2006-05-12,1291.240,0.141,0.252
2006-05-11,1305.920,-0.237,-1.124
2006-05-10,1322.850,-0.496,-1.280
2006-05-09,1325.140,-0.635,-0.173
2006-05-08,1324.660,-0.089,0.036
2006-05-05,1325.760,0.042,-0.083
2006-05-04,1312.250,0.332,1.030
2006-05-03,1308.120,-0.174,0.316
2006-05-02,1313.210,0.448,-0.388
2006-05-01,1305.190,0.123,0.614
2006-04-28,1310.610,0.157,-0.414
2006-04-27,1309.720,0.038,0.068
2006-04-26,1305.410,-0.601,0.330
2006-04-25,1301.740,-0.655,0.282
2006-04-24,1308.110,0.051,-0.487
2006-04-21,1311.280,-0.158,-0.242
2006-04-20,1311.460,-0.212,-0.014
2006-04-19,1309.930,-0.413,0.117
2006-04-18,1307.280,-0.446,0.203
2006-04-17,1285.330,-0.276,1.708
2006-04-13,1289.120,-0.323,-0.294
2006-04-12,1288.120,-0.806,0.078
2006-04-11,1286.570,-1.185,0.120
2006-04-10,1296.620,-1.119,-0.775
2006-04-07,1295.500,0.194,0.086
2006-04-06,1309.040,0.204,-1.034
2006-04-05,1311.560,-0.086,-0.192
2006-04-04,1305.930,-0.487,0.431
2006-04-03,1297.810,-0.581,0.626
2006-03-31,1294.870,0.215,0.227
2006-03-30,1300.250,-0.030,-0.414
2006-03-29,1302.890,0.321,-0.203
2006-03-28,1293.230,-0.045,0.747
2006-03-27,1301.610,-0.341,-0.644
2006-03-24,1302.950,0.144,-0.103
2006-03-23,1301.670,-0.303,0.098
2006-03-22,1305.040,0.070,-0.258
2006-03-21,1297.230,0.375,0.602
2006-03-20,1305.080,0.301,-0.601
2006-03-17,1307.250,0.087,-0.166
2006-03-16,1305.330,-0.118,0.147
2006-03-15,1303.020,-0.487,0.177
2006-03-14,1297.480,-0.085,0.427
2006-03-13,1284.130,0.264,1.040
2006-03-10,1281.420,-0.155,0.211
2006-03-09,1272.230,0.333,0.722
2006-03-08,1278.470,-0.218,-0.488
2006-03-07,1275.880,-0.457,0.203
2006-03-06,1278.260,-0.535,-0.186
2006-03-03,1287.230,-0.309,-0.697
2006-03-02,1289.140,-0.170,-0.148
2006-03-01,1291.240,0.239,-0.163
2006-02-28,1280.660,0.313,0.826
2006-02-27,1294.120,-0.136,-1.040
2006-02-24,1289.430,-0.039,0.364
2006-02-23,1287.790,-0.161,0.127
2006-02-22,1292.670,-0.357,-0.378
2006-02-21,1283.030,-0.336,0.751
2006-02-17,1287.240,-0.448,-0.327
2006-02-16,1289.380,-0.212,-0.166
2006-02-15,1280.000,0.155,0.733
2006-02-14,1275.530,0.102,0.350
2006-02-13,1262.860,0.071,1.003
2006-02-10,1266.990,0.169,-0.326
2006-02-09,1263.780,0.699,0.254
2006-02-08,1265.650,-0.100,-0.148
2006-02-07,1254.780,-0.259,0.866
2006-02-06,1265.020,-0.383,-0.809
2006-02-03,1264.030,0.653,0.078
2006-02-02,1270.840,0.214,-0.536
2006-02-01,1282.460,0.382,-0.906
2006-01-31,1280.080,0.136,0.186
2006-01-30,1285.190,0.087,-0.398
2006-01-27,1283.720,0.116,0.115
2006-01-26,1273.830,0.345,0.776
2006-01-25,1264.680,0.272,0.724
2006-01-24,1266.860,0.146,-0.172
2006-01-23,1263.820,0.383,0.241
2006-01-20,1261.490,-0.201,0.185
2006-01-19,1285.040,-0.715,-1.833
2006-01-18,1277.930,-0.280,0.556
2006-01-17,1282.930,-0.087,-0.390
2006-01-13,1287.610,0.172,-0.363
2006-01-12,1286.060,0.378,0.121
2006-01-11,1294.180,0.125,-0.627
2006-01-10,1289.690,0.187,0.348
2006-01-09,1290.150,0.129,-0.036
2006-01-06,1285.450,0.043,0.366
2006-01-05,1273.480,-0.101,0.940
2006-01-04,1273.460,-0.055,0.002
2006-01-03,1268.800,0.107,0.367
2005-12-30,1248.290,0.699,1.643
2005-12-29,1254.420,0.967,-0.489
2005-12-28,1258.170,0.379,-0.298
2005-12-27,1256.540,0.305,0.130
2005-12-23,1268.660,0.213,-0.955
2005-12-22,1268.120,0.458,0.043
2005-12-21,1262.790,0.057,0.422
2005-12-20,1259.620,-0.360,0.252
2005-12-19,1259.920,0.139,-0.024
2005-12-16,1267.320,-0.105,-0.584
2005-12-15,1270.940,-0.039,-0.285
2005-12-14,1272.740,0.006,-0.141
2005-12-13,1267.430,-0.102,0.419
2005-12-12,1260.430,-0.418,0.555
2005-12-09,1259.370,-0.046,0.084
2005-12-08,1255.840,-0.275,0.281
2005-12-07,1257.370,0.159,-0.122
2005-12-06,1263.700,0.192,-0.501
2005-12-05,1262.090,0.153,0.128
2005-12-02,1265.080,0.802,-0.236
2005-12-01,1264.670,0.211,0.032
2005-11-30,1249.480,0.160,1.216
2005-11-29,1257.480,0.181,-0.636
2005-11-28,1257.460,0.100,0.002
2005-11-25,1268.250,-0.021,-0.851
2005-11-23,1265.610,-0.104,0.209
2005-11-22,1261.230,-0.048,0.347
2005-11-21,1254.850,-0.058,0.508
2005-11-18,1248.270,0.339,0.527
2005-11-17,1242.800,0.073,0.440
2005-11-16,1231.210,0.184,0.941
2005-11-15,1229.010,-0.062,0.179
2005-11-14,1233.760,-0.108,-0.385
2005-11-11,1234.720,0.312,-0.078
2005-11-10,1230.960,0.223,0.305
2005-11-09,1220.650,0.121,0.845
2005-11-08,1218.590,-0.022,0.169
2005-11-07,1222.810,0.071,-0.345
2005-11-04,1220.140,0.485,0.219
2005-11-03,1219.940,0.289,0.016
2005-11-02,1214.760,0.260,0.426
2005-11-01,1202.760,-0.130,0.998
2005-10-31,1207.010,-0.035,-0.352
2005-10-28,1198.410,0.179,0.718
2005-10-27,1178.900,0.056,1.655
2005-10-26,1191.380,-0.030,-1.048
2005-10-25,1196.540,-0.007,-0.431
2005-10-24,1199.380,0.121,-0.237
2005-10-21,1179.590,0.049,1.678
2005-10-20,1177.800,0.103,0.152
2005-10-19,1195.760,-0.020,-1.502
2005-10-18,1178.140,0.192,1.496
2005-10-17,1190.100,-0.215,-1.005
2005-10-14,1186.570,0.384,0.297
2005-10-13,1176.840,0.230,0.827
2005-10-12,1177.680,0.288,-0.071
2005-10-11,1184.870,0.187,-0.607
2005-10-10,1187.330,0.130,-0.207
2005-10-07,1195.900,0.153,-0.717
2005-10-06,1191.490,0.123,0.370
2005-10-05,1196.390,0.111,-0.410
2005-10-04,1214.470,0.165,-1.489
2005-10-03,1226.700,0.356,-0.997
2005-09-30,1228.810,0.175,-0.172
2005-09-29,1227.680,0.129,0.092
2005-09-28,1216.890,0.105,0.887
2005-09-27,1215.660,-0.120,0.101
2005-09-26,1215.630,-0.383,0.002
2005-09-23,1215.290,-0.093,0.028
2005-09-22,1214.620,-0.215,0.055
2005-09-21,1210.200,-0.195,0.365
2005-09-20,1221.340,-0.128,-0.912
2005-09-19,1231.020,0.120,-0.786
